artist_popularity,genre,ticket_price,venue_capacity,weather,day_of_week,month,distance_from_city,promotion_budget,previous_attendance,ticket_sales
9.0,3.0,60.0,2997.0,0.0,5.0,11.0,38.0,22460.0,3717.0,1498.5
9.0,1.0,28.0,4987.0,0.0,5.0,3.0,45.0,72083.0,7909.0,2493.5
3.0,4.0,195.0,3820.0,0.0,5.0,1.0,5.0,69564.0,9317.0,1910.0
9.0,0.0,186.0,9052.0,0.0,5.0,7.0,8.0,95756.0,6645.0,4526.0
5.0,1.0,182.0,7696.0,0.0,2.0,5.0,22.0,62951.0,242.0,3848.0
3.0,2.0,192.0,6576.0,0.0,3.0,1.0,49.0,33911.0,4530.0,3288.0
7.0,2.0,157.0,7996.0,0.0,1.0,8.0,37.0,13688.0,4464.0,3998.0
0.0,4.0,124.0,4188.0,0.0,0.0,1.0,25.0,8124.0,2858.0,2094.0
5.0,3.0,142.0,6655.0,0.0,0.0,1.0,40.0,53578.0,7138.0,3327.5
8.0,1.0,150.0,4115.0,0.0,0.0,5.0,32.0,99164.0,5254.0,2057.5
3.0,0.0,101.0,6169.0,0.0,4.0,4.0,2.0,78048.0,9960.0,3084.5
3.0,2.0,194.0,3886.0,0.0,0.0,1.0,16.0,5620.0,718.0,1943.0
0.0,0.0,62.0,4540.0,0.0,1.0,2.0,28.0,17304.0,9668.0,2270.0
3.0,4.0,179.0,7986.0,0.0,1.0,8.0,43.0,99406.0,2178.0,3993.0
6.0,1.0,135.0,7422.0,0.0,5.0,6.0,26.0,12886.0,3214.0,3711.0
3.0,4.0,121.0,3230.0,0.0,5.0,7.0,19.0,27349.0,6951.0,1615.0
6.0,3.0,40.0,5956.0,0.0,5.0,3.0,26.0,76436.0,1686.0,2978.0
7.0,1.0,191.0,3024.0,0.0,4.0,1.0,28.0,45011.0,7011.0,1512.0
1.0,4.0,198.0,8762.0,0.0,3.0,9.0,17.0,30827.0,2566.0,4381.0
3.0,0.0,175.0,2221.0,0.0,2.0,3.0,41.0,41574.0,2572.0,1110.5
5.0,2.0,145.0,5265.0,0.0,2.0,6.0,28.0,38096.0,7936.0,2632.5
6.0,0.0,189.0,4788.0,0.0,1.0,8.0,0.0,73190.0,8463.0,2394.0
4.0,4.0,120.0,3711.0,0.0,4.0,1.0,30.0,78530.0,1155.0,1855.5
8.0,1.0,47.0,8546.0,0.0,3.0,4.0,34.0,6418.0,2545.0,4273.0
5.0,4.0,125.0,7562.0,0.0,3.0,3.0,14.0,44395.0,4695.0,3781.0
4.0,0.0,77.0,7951.0,0.0,3.0,1.0,8.0,38613.0,191.0,3975.5
5.0,4.0,141.0,3650.0,0.0,4.0,11.0,8.0,8052.0,1732.0,1825.0
9.0,0.0,198.0,2831.0,0.0,5.0,11.0,40.0,58916.0,3253.0,1415.5
6.0,0.0,127.0,1740.0,0.0,5.0,3.0,25.0,64808.0,4083.0,870.0
8.0,0.0,54.0,5456.0,0.0,5.0,11.0,48.0,48354.0,6070.0,2728.0
3.0,4.0,33.0,5105.0,0.0,1.0,3.0,11.0,24276.0,8682.0,2552.5
4.0,4.0,100.0,8681.0,0.0,1.0,10.0,46.0,10048.0,3794.0,4340.5
7.0,1.0,106.0,3061.0,0.0,1.0,1.0,10.0,94230.0,7877.0,1530.5
4.0,2.0,132.0,6498.0,0.0,4.0,3.0,47.0,20701.0,3230.0,3249.0
8.0,2.0,160.0,7800.0,0.0,3.0,4.0,46.0,77995.0,3372.0,3900.0
0.0,4.0,199.0,3349.0,0.0,0.0,8.0,41.0,13704.0,1793.0,1674.5
8.0,0.0,137.0,5090.0,0.0,3.0,6.0,44.0,27376.0,2997.0,2545.0
5.0,0.0,81.0,7340.0,0.0,4.0,7.0,48.0,95016.0,554.0,3670.0
9.0,0.0,144.0,9477.0,0.0,3.0,10.0,13.0,31220.0,1822.0,4738.5
2.0,4.0,66.0,3418.0,0.0,1.0,9.0,16.0,67011.0,7760.0,1709.0
7.0,4.0,62.0,5986.0,0.0,1.0,2.0,13.0,17052.0,6582.0,2993.0
6.0,1.0,121.0,9667.0,0.0,1.0,9.0,40.0,13863.0,6796.0,4833.5
2.0,2.0,60.0,9816.0,0.0,3.0,5.0,32.0,14780.0,1173.0,4908.0
1.0,1.0,14.0,1168.0,0.0,0.0,1.0,47.0,21428.0,6676.0,584.0
5.0,2.0,130.0,2296.0,0.0,1.0,11.0,30.0,47766.0,4952.0,1148.0
3.0,0.0,177.0,7938.0,0.0,0.0,7.0,34.0,47464.0,8879.0,3969.0
6.0,1.0,51.0,8979.0,0.0,5.0,5.0,46.0,85915.0,3037.0,4489.5
4.0,2.0,165.0,5995.0,0.0,1.0,3.0,48.0,85415.0,9102.0,2997.5
0.0,0.0,31.0,5789.0,0.0,4.0,9.0,45.0,47277.0,5101.0,2894.5
9.0,3.0,146.0,7806.0,0.0,0.0,10.0,17.0,64335.0,7975.0,3903.0
2.0,2.0,33.0,1313.0,0.0,0.0,1.0,49.0,93000.0,6904.0,656.5
6.0,3.0,173.0,9386.0,0.0,1.0,7.0,5.0,40546.0,8695.0,4693.0
1.0,1.0,83.0,3279.0,0.0,5.0,5.0,26.0,96893.0,8588.0,1639.5
4.0,0.0,23.0,2515.0,0.0,3.0,3.0,21.0,18609.0,1204.0,1257.5
9.0,2.0,58.0,8704.0,0.0,2.0,9.0,22.0,70381.0,437.0,4352.0
8.0,2.0,105.0,4344.0,0.0,4.0,11.0,2.0,93236.0,1636.0,2172.0
4.0,1.0,87.0,3854.0,0.0,2.0,1.0,6.0,92515.0,1354.0,1927.0
4.0,3.0,48.0,6476.0,0.0,4.0,11.0,46.0,19211.0,6290.0,3238.0
3.0,1.0,167.0,6631.0,0.0,0.0,10.0,14.0,80346.0,5771.0,3315.5
4.0,4.0,100.0,1072.0,0.0,4.0,9.0,12.0,46577.0,9515.0,536.0
2.0,4.0,27.0,4387.0,0.0,0.0,5.0,2.0,52923.0,1516.0,2193.5
9.0,0.0,98.0,2044.0,0.0,3.0,3.0,10.0,76363.0,1187.0,1022.0
4.0,0.0,78.0,5829.0,0.0,3.0,8.0,48.0,37667.0,9303.0,2914.5
0.0,0.0,36.0,9448.0,0.0,0.0,2.0,23.0,76408.0,8300.0,4724.0
1.0,0.0,144.0,3702.0,0.0,3.0,3.0,40.0,82990.0,158.0,1851.0
5.0,0.0,181.0,2562.0,0.0,1.0,4.0,6.0,98621.0,4888.0,1281.0
6.0,1.0,166.0,4257.0,0.0,2.0,11.0,26.0,67429.0,9004.0,2128.5
0.0,2.0,155.0,3624.0,0.0,5.0,9.0,18.0,13103.0,3081.0,1812.0
1.0,1.0,96.0,5851.0,0.0,5.0,2.0,11.0,95832.0,8054.0,2925.5
6.0,1.0,130.0,3404.0,0.0,5.0,5.0,5.0,41233.0,9558.0,1702.0
6.0,1.0,66.0,7468.0,0.0,2.0,10.0,6.0,16042.0,1811.0,3734.0
8.0,0.0,172.0,8945.0,0.0,4.0,9.0,1.0,22585.0,7639.0,4472.5
4.0,1.0,120.0,2611.0,0.0,0.0,7.0,23.0,1204.0,9131.0,1305.5
3.0,0.0,31.0,4564.0,0.0,0.0,9.0,30.0,19499.0,4969.0,2282.0
8.0,3.0,24.0,3813.0,0.0,5.0,4.0,12.0,77382.0,1319.0,1906.5
1.0,0.0,148.0,6095.0,0.0,5.0,3.0,11.0,77381.0,6340.0,3047.5
6.0,1.0,94.0,3423.0,0.0,5.0,3.0,19.0,62263.0,8700.0,1711.5
1.0,1.0,133.0,3300.0,0.0,1.0,8.0,26.0,34263.0,7025.0,1650.0
9.0,0.0,32.0,3800.0,0.0,4.0,10.0,19.0,54726.0,9266.0,1900.0
4.0,3.0,131.0,9382.0,0.0,2.0,9.0,46.0,16000.0,6662.0,4691.0
2.0,0.0,63.0,8269.0,0.0,5.0,11.0,21.0,34923.0,8467.0,4134.5
2.0,3.0,34.0,3411.0,0.0,4.0,1.0,4.0,48971.0,6860.0,1705.5
1.0,0.0,103.0,2103.0,0.0,2.0,4.0,41.0,38908.0,6644.0,1051.5
5.0,1.0,150.0,6391.0,0.0,5.0,1.0,23.0,75608.0,5170.0,3195.5
9.0,2.0,155.0,4812.0,0.0,0.0,1.0,4.0,52250.0,1736.0,2406.0
2.0,4.0,26.0,3864.0,0.0,2.0,11.0,16.0,49653.0,9942.0,1932.0
2.0,4.0,32.0,6008.0,0.0,0.0,10.0,33.0,94908.0,5202.0,3004.0
9.0,3.0,16.0,2587.0,0.0,5.0,3.0,46.0,69763.0,7010.0,1293.5
1.0,1.0,113.0,6495.0,0.0,2.0,1.0,26.0,34692.0,9358.0,3247.5
9.0,3.0,49.0,1409.0,0.0,0.0,9.0,33.0,10232.0,2513.0,704.5
7.0,3.0,91.0,3970.0,0.0,4.0,11.0,19.0,57100.0,2511.0,1985.0
5.0,0.0,15.0,1965.0,0.0,1.0,3.0,6.0,24106.0,4342.0,982.5
8.0,3.0,147.0,6672.0,0.0,1.0,6.0,18.0,91093.0,1586.0,3336.0
3.0,4.0,117.0,5949.0,0.0,4.0,3.0,35.0,17616.0,2455.0,2974.5
9.0,1.0,108.0,9161.0,0.0,1.0,7.0,25.0,85996.0,9570.0,4580.5
8.0,1.0,62.0,9260.0,0.0,1.0,4.0,34.0,53860.0,9722.0,4630.0
7.0,1.0,68.0,7423.0,0.0,5.0,8.0,19.0,85630.0,8120.0,3711.5
9.0,2.0,171.0,7828.0,0.0,4.0,9.0,8.0,81292.0,3974.0,3914.0
8.0,0.0,170.0,2245.0,0.0,4.0,9.0,33.0,65219.0,7175.0,1122.5
9.0,2.0,192.0,1842.0,0.0,5.0,11.0,0.0,62269.0,7490.0,921.0
9.0,4.0,63.0,5317.0,0.0,4.0,3.0,13.0,62316.0,5252.0,2658.5
0.0,0.0,132.0,7994.0,0.0,0.0,10.0,49.0,96421.0,7349.0,3997.0
7.0,3.0,110.0,8530.0,0.0,2.0,9.0,28.0,98474.0,919.0,4265.0
9.0,4.0,119.0,6484.0,0.0,0.0,9.0,7.0,38253.0,6328.0,3242.0
3.0,4.0,41.0,7982.0,0.0,2.0,4.0,8.0,40728.0,2028.0,3991.0
7.0,1.0,194.0,9358.0,0.0,0.0,8.0,7.0,7976.0,3702.0,4679.0
8.0,1.0,127.0,5359.0,0.0,3.0,10.0,4.0,21271.0,3438.0,2679.5
3.0,4.0,36.0,6259.0,0.0,4.0,10.0,38.0,92060.0,6607.0,3129.5
7.0,0.0,99.0,5266.0,0.0,3.0,3.0,21.0,21165.0,3040.0,2633.0
7.0,2.0,142.0,8639.0,0.0,3.0,10.0,12.0,77025.0,5345.0,4319.5
0.0,4.0,98.0,2005.0,0.0,5.0,11.0,34.0,54872.0,1147.0,1002.5
2.0,1.0,166.0,2245.0,0.0,2.0,7.0,18.0,74331.0,4875.0,1122.5
9.0,3.0,71.0,4800.0,0.0,5.0,1.0,30.0,86744.0,3775.0,2400.0
7.0,2.0,137.0,5735.0,0.0,3.0,1.0,2.0,31292.0,2545.0,2867.5
1.0,4.0,59.0,8147.0,0.0,1.0,10.0,0.0,80565.0,8643.0,4073.5
7.0,3.0,71.0,6778.0,0.0,0.0,10.0,27.0,92963.0,573.0,3389.0
5.0,1.0,16.0,4002.0,0.0,0.0,4.0,47.0,52050.0,7302.0,2001.0
5.0,4.0,42.0,2063.0,0.0,4.0,10.0,19.0,56725.0,2423.0,1031.5
3.0,0.0,127.0,4295.0,0.0,3.0,7.0,7.0,27393.0,8925.0,2147.5
4.0,0.0,82.0,1254.0,0.0,5.0,11.0,46.0,5463.0,194.0,627.0
8.0,1.0,108.0,6558.0,0.0,0.0,2.0,22.0,56284.0,6243.0,3279.0
9.0,2.0,152.0,1723.0,0.0,3.0,6.0,24.0,50019.0,3809.0,861.5
8.0,3.0,178.0,7920.0,0.0,5.0,7.0,43.0,84460.0,7238.0,3960.0
2.0,4.0,91.0,4283.0,0.0,2.0,10.0,13.0,93915.0,2481.0,2141.5
1.0,0.0,144.0,4232.0,0.0,3.0,5.0,44.0,16085.0,5728.0,2116.0
4.0,2.0,71.0,4754.0,0.0,2.0,9.0,23.0,56941.0,2176.0,2377.0
6.0,3.0,171.0,4449.0,0.0,1.0,6.0,5.0,98899.0,5515.0,2224.5
7.0,0.0,129.0,2191.0,0.0,2.0,6.0,47.0,14851.0,9319.0,1095.5
2.0,3.0,175.0,7181.0,0.0,0.0,10.0,14.0,6445.0,9788.0,3590.5
9.0,0.0,28.0,3622.0,0.0,1.0,5.0,36.0,25303.0,88.0,1811.0
4.0,1.0,192.0,6498.0,0.0,4.0,6.0,7.0,8110.0,7835.0,3249.0
9.0,2.0,130.0,3453.0,0.0,0.0,1.0,4.0,1327.0,2957.0,1726.5
2.0,0.0,172.0,2391.0,0.0,5.0,2.0,38.0,7298.0,7374.0,1195.5
5.0,2.0,160.0,8711.0,0.0,3.0,5.0,19.0,90604.0,1162.0,4355.5
6.0,0.0,82.0,2720.0,0.0,0.0,11.0,19.0,8102.0,1206.0,1360.0
6.0,3.0,54.0,3998.0,0.0,3.0,6.0,22.0,48028.0,5396.0,1999.0
3.0,0.0,141.0,7600.0,0.0,5.0,4.0,39.0,98303.0,1538.0,3800.0
8.0,4.0,92.0,7354.0,0.0,3.0,7.0,44.0,75963.0,473.0,3677.0
9.0,1.0,32.0,3812.0,0.0,0.0,4.0,47.0,59922.0,2238.0,1906.0
2.0,1.0,198.0,6992.0,0.0,4.0,6.0,28.0,86330.0,7319.0,3496.0
2.0,0.0,100.0,8721.0,0.0,0.0,2.0,14.0,38148.0,721.0,4360.5
0.0,0.0,114.0,5769.0,0.0,1.0,3.0,44.0,60900.0,3026.0,2884.5
9.0,1.0,151.0,3495.0,0.0,1.0,9.0,13.0,30100.0,5284.0,1747.5
2.0,3.0,28.0,4372.0,0.0,5.0,6.0,18.0,10686.0,7405.0,2186.0
9.0,0.0,121.0,7722.0,0.0,3.0,1.0,22.0,25001.0,148.0,3861.0
6.0,2.0,82.0,4800.0,0.0,1.0,10.0,10.0,65587.0,2009.0,2400.0
9.0,0.0,72.0,3848.0,0.0,4.0,11.0,26.0,42898.0,7454.0,1924.0
4.0,4.0,122.0,9109.0,0.0,5.0,4.0,6.0,75195.0,3858.0,4554.5
6.0,4.0,80.0,1085.0,0.0,1.0,2.0,9.0,30107.0,891.0,542.5
3.0,2.0,22.0,7211.0,0.0,0.0,4.0,46.0,20041.0,3399.0,3605.5
6.0,0.0,45.0,9500.0,0.0,2.0,4.0,28.0,70396.0,9277.0,4750.0
0.0,2.0,117.0,7049.0,0.0,1.0,6.0,42.0,4834.0,6718.0,3524.5
0.0,0.0,39.0,3621.0,0.0,4.0,1.0,6.0,30069.0,336.0,1810.5
4.0,3.0,51.0,7200.0,0.0,4.0,9.0,25.0,76408.0,5822.0,3600.0
5.0,1.0,143.0,2624.0,0.0,1.0,10.0,41.0,89334.0,8269.0,1312.0
4.0,2.0,53.0,7238.0,0.0,3.0,10.0,25.0,47038.0,7650.0,3619.0
8.0,1.0,154.0,2386.0,0.0,2.0,5.0,18.0,64939.0,2755.0,1193.0
0.0,0.0,33.0,1329.0,0.0,2.0,5.0,20.0,75305.0,3581.0,664.5
2.0,0.0,104.0,7666.0,0.0,1.0,4.0,43.0,43637.0,1406.0,3833.0
1.0,3.0,75.0,9881.0,0.0,0.0,2.0,20.0,96419.0,8587.0,4940.5
9.0,3.0,17.0,7694.0,0.0,1.0,7.0,6.0,96504.0,5847.0,3847.0
1.0,3.0,46.0,8585.0,0.0,1.0,10.0,17.0,54042.0,5367.0,4292.5
1.0,0.0,60.0,6984.0,0.0,5.0,4.0,16.0,38716.0,760.0,3492.0
4.0,1.0,32.0,6685.0,0.0,5.0,10.0,41.0,11256.0,933.0,3342.5
8.0,1.0,61.0,8605.0,0.0,3.0,7.0,12.0,98040.0,7201.0,4302.5
8.0,3.0,31.0,5756.0,0.0,5.0,10.0,18.0,25817.0,1947.0,2878.0
4.0,0.0,148.0,6037.0,0.0,0.0,7.0,13.0,31149.0,4608.0,3018.5
9.0,2.0,190.0,3309.0,0.0,4.0,6.0,19.0,82420.0,6779.0,1654.5
8.0,0.0,103.0,2653.0,0.0,3.0,5.0,48.0,61115.0,4672.0,1326.5
7.0,4.0,174.0,4510.0,0.0,5.0,6.0,17.0,99659.0,4483.0,2255.0
2.0,0.0,130.0,2130.0,0.0,0.0,4.0,42.0,64168.0,3439.0,1065.0
0.0,1.0,106.0,2257.0,0.0,4.0,6.0,28.0,23257.0,9904.0,1128.5
8.0,3.0,162.0,7992.0,0.0,4.0,1.0,7.0,93953.0,2211.0,3996.0
3.0,2.0,129.0,2167.0,0.0,2.0,10.0,40.0,29670.0,5199.0,1083.5
8.0,3.0,78.0,9505.0,0.0,5.0,9.0,0.0,89625.0,5931.0,4752.5
0.0,4.0,102.0,9500.0,0.0,4.0,7.0,36.0,11009.0,9085.0,4750.0
4.0,1.0,120.0,2185.0,0.0,5.0,10.0,48.0,15659.0,5206.0,1092.5
8.0,4.0,79.0,3126.0,0.0,2.0,5.0,26.0,12584.0,9156.0,1563.0
0.0,3.0,108.0,3925.0,0.0,3.0,10.0,24.0,97175.0,391.0,1962.5
7.0,1.0,40.0,9428.0,0.0,3.0,10.0,44.0,23831.0,251.0,4714.0
6.0,1.0,40.0,6311.0,0.0,1.0,9.0,8.0,27894.0,348.0,3155.5
7.0,2.0,90.0,8452.0,0.0,2.0,7.0,17.0,61647.0,9339.0,4226.0
6.0,0.0,31.0,6989.0,0.0,2.0,7.0,49.0,8603.0,9271.0,3494.5
7.0,4.0,27.0,5792.0,0.0,5.0,2.0,39.0,44657.0,2576.0,2896.0
5.0,2.0,16.0,1519.0,0.0,3.0,2.0,37.0,38859.0,5845.0,759.5
7.0,3.0,11.0,2169.0,0.0,3.0,10.0,43.0,7143.0,1556.0,1084.5
0.0,0.0,72.0,2525.0,0.0,4.0,4.0,36.0,31278.0,9932.0,1262.5
3.0,4.0,190.0,8757.0,0.0,0.0,10.0,20.0,37896.0,9125.0,4378.5
4.0,0.0,169.0,5704.0,0.0,5.0,6.0,7.0,12718.0,7878.0,2852.0
7.0,0.0,17.0,9974.0,0.0,3.0,10.0,15.0,65329.0,8620.0,4987.0
3.0,1.0,37.0,4643.0,0.0,0.0,4.0,18.0,2527.0,891.0,2321.5
1.0,4.0,96.0,6214.0,0.0,0.0,6.0,20.0,15262.0,7887.0,3107.0
2.0,4.0,132.0,3354.0,0.0,2.0,2.0,24.0,90350.0,4679.0,1677.0
2.0,0.0,44.0,2511.0,0.0,5.0,4.0,10.0,47654.0,2939.0,1255.5
3.0,2.0,144.0,6510.0,0.0,2.0,2.0,31.0,22607.0,8433.0,3255.0
3.0,2.0,32.0,9401.0,0.0,4.0,9.0,21.0,6951.0,4732.0,4700.5
1.0,3.0,135.0,1053.0,0.0,4.0,3.0,36.0,36143.0,9275.0,526.5
5.0,4.0,92.0,5097.0,0.0,4.0,9.0,45.0,20792.0,368.0,2548.5
9.0,0.0,38.0,1126.0,0.0,3.0,8.0,36.0,16092.0,3286.0,563.0
3.0,2.0,160.0,8098.0,0.0,2.0,2.0,7.0,70391.0,4008.0,4049.0
2.0,0.0,96.0,9129.0,0.0,2.0,9.0,46.0,78442.0,2168.0,4564.5
9.0,3.0,37.0,4696.0,0.0,2.0,8.0,6.0,34504.0,1167.0,2348.0
5.0,2.0,27.0,6716.0,0.0,5.0,9.0,46.0,25846.0,6867.0,3358.0
3.0,0.0,178.0,8451.0,0.0,3.0,4.0,47.0,58050.0,7001.0,4225.5
3.0,4.0,160.0,1070.0,0.0,4.0,11.0,13.0,93935.0,3411.0,535.0
2.0,4.0,67.0,4046.0,0.0,0.0,10.0,33.0,67687.0,1322.0,2023.0
5.0,3.0,137.0,6548.0,0.0,1.0,3.0,29.0,54197.0,3982.0,3274.0
2.0,4.0,31.0,3487.0,0.0,2.0,11.0,3.0,88892.0,4625.0,1743.5
6.0,1.0,86.0,8804.0,0.0,1.0,10.0,33.0,99302.0,115.0,4402.0
7.0,4.0,146.0,8708.0,0.0,3.0,7.0,30.0,7808.0,5120.0,4354.0
1.0,4.0,43.0,3041.0,0.0,5.0,8.0,37.0,43994.0,7075.0,1520.5
0.0,3.0,64.0,9640.0,0.0,2.0,11.0,4.0,43148.0,1230.0,4820.0
2.0,3.0,138.0,3769.0,0.0,4.0,4.0,21.0,44035.0,8346.0,1884.5
9.0,0.0,44.0,9848.0,0.0,3.0,9.0,25.0,79430.0,8008.0,4924.0
2.0,0.0,65.0,9753.0,0.0,0.0,1.0,35.0,85752.0,8206.0,4876.5
7.0,1.0,79.0,9656.0,0.0,0.0,1.0,2.0,83226.0,8246.0,4828.0
9.0,1.0,161.0,6720.0,0.0,4.0,5.0,42.0,17719.0,8473.0,3360.0
2.0,4.0,185.0,8439.0,0.0,3.0,5.0,20.0,89295.0,6166.0,4219.5
9.0,3.0,109.0,1128.0,0.0,5.0,5.0,4.0,73959.0,4334.0,564.0
9.0,3.0,90.0,2440.0,0.0,2.0,1.0,21.0,75092.0,8736.0,1220.0
3.0,0.0,43.0,6822.0,0.0,0.0,3.0,40.0,67764.0,563.0,3411.0
0.0,3.0,34.0,2359.0,0.0,0.0,7.0,37.0,71199.0,3801.0,1179.5
2.0,3.0,154.0,3547.0,0.0,3.0,3.0,46.0,82715.0,1245.0,1773.5
0.0,2.0,56.0,8699.0,0.0,5.0,1.0,49.0,33597.0,4004.0,4349.5
1.0,1.0,173.0,3188.0,0.0,3.0,3.0,43.0,75047.0,6705.0,1594.0
4.0,0.0,141.0,1283.0,0.0,4.0,10.0,37.0,62224.0,8851.0,641.5
3.0,1.0,105.0,2817.0,0.0,2.0,11.0,1.0,8687.0,8265.0,1408.5
9.0,3.0,176.0,9928.0,0.0,2.0,8.0,0.0,5628.0,9375.0,4964.0
7.0,3.0,94.0,9503.0,0.0,1.0,6.0,25.0,71053.0,2235.0,4751.5
4.0,2.0,108.0,8477.0,0.0,4.0,11.0,15.0,60115.0,8359.0,4238.5
3.0,0.0,68.0,4729.0,0.0,0.0,5.0,11.0,40752.0,1064.0,2364.5
5.0,4.0,62.0,5830.0,0.0,3.0,1.0,5.0,21164.0,620.0,2915.0
6.0,3.0,81.0,5689.0,0.0,5.0,11.0,48.0,61300.0,4382.0,2844.5
3.0,0.0,30.0,5336.0,0.0,3.0,4.0,27.0,25313.0,5214.0,2668.0
5.0,1.0,157.0,6219.0,0.0,4.0,9.0,14.0,60490.0,6148.0,3109.5
6.0,2.0,60.0,4321.0,0.0,0.0,10.0,2.0,4341.0,2864.0,2160.5
9.0,3.0,100.0,3301.0,0.0,4.0,10.0,40.0,92293.0,4190.0,1650.5
5.0,0.0,137.0,4043.0,0.0,1.0,2.0,28.0,47421.0,6916.0,2021.5
2.0,0.0,31.0,7498.0,0.0,1.0,11.0,20.0,16047.0,6737.0,3749.0
3.0,3.0,70.0,1736.0,0.0,0.0,8.0,20.0,53866.0,954.0,868.0
1.0,0.0,82.0,6007.0,0.0,4.0,7.0,2.0,81584.0,5822.0,3003.5
4.0,2.0,96.0,3114.0,0.0,1.0,8.0,19.0,91785.0,9795.0,1557.0
8.0,3.0,194.0,6066.0,0.0,4.0,7.0,38.0,97984.0,6891.0,3033.0
5.0,4.0,99.0,1009.0,0.0,3.0,2.0,25.0,6423.0,5407.0,504.5
9.0,0.0,93.0,3073.0,0.0,1.0,8.0,18.0,15859.0,9850.0,1536.5
6.0,0.0,33.0,9132.0,0.0,3.0,9.0,18.0,66111.0,4458.0,4566.0
1.0,1.0,145.0,1896.0,0.0,4.0,2.0,44.0,9212.0,4617.0,948.0
3.0,4.0,100.0,6325.0,0.0,4.0,6.0,36.0,36342.0,6372.0,3162.5
0.0,2.0,174.0,3184.0,0.0,3.0,9.0,43.0,68328.0,147.0,1592.0
9.0,2.0,193.0,3634.0,0.0,2.0,11.0,41.0,92200.0,8987.0,1817.0
7.0,0.0,186.0,7993.0,0.0,2.0,6.0,31.0,74878.0,2242.0,3996.5
5.0,3.0,99.0,7179.0,0.0,5.0,5.0,36.0,26673.0,3293.0,3589.5
6.0,3.0,58.0,3321.0,0.0,1.0,6.0,7.0,35120.0,642.0,1660.5
8.0,3.0,101.0,3775.0,0.0,4.0,9.0,44.0,55420.0,9320.0,1887.5
4.0,2.0,10.0,9608.0,0.0,2.0,9.0,39.0,40692.0,6133.0,4804.0
8.0,4.0,148.0,7565.0,0.0,3.0,11.0,39.0,2997.0,245.0,3782.5
9.0,2.0,113.0,4186.0,0.0,2.0,5.0,9.0,97193.0,2711.0,2093.0
1.0,4.0,40.0,9009.0,0.0,2.0,3.0,22.0,18680.0,9418.0,4504.5
7.0,0.0,110.0,2436.0,0.0,0.0,6.0,6.0,44569.0,7549.0,1218.0
4.0,2.0,72.0,5886.0,0.0,0.0,5.0,30.0,90658.0,1678.0,2943.0
6.0,3.0,143.0,6277.0,0.0,3.0,11.0,24.0,6541.0,6341.0,3138.5
1.0,1.0,16.0,6769.0,0.0,5.0,11.0,48.0,18234.0,5338.0,3384.5
8.0,3.0,44.0,2383.0,0.0,3.0,7.0,17.0,31728.0,2035.0,1191.5
9.0,4.0,158.0,7894.0,0.0,2.0,1.0,24.0,18424.0,5964.0,3947.0
4.0,4.0,198.0,6620.0,0.0,5.0,7.0,26.0,6922.0,5578.0,3310.0
1.0,3.0,21.0,6537.0,0.0,2.0,9.0,14.0,66375.0,1881.0,3268.5
5.0,4.0,129.0,5692.0,0.0,2.0,6.0,16.0,16027.0,580.0,2846.0
9.0,1.0,165.0,2248.0,0.0,1.0,6.0,26.0,47451.0,3371.0,1124.0
0.0,0.0,173.0,8097.0,0.0,5.0,8.0,26.0,72331.0,374.0,4048.5
4.0,3.0,110.0,3559.0,0.0,3.0,4.0,14.0,76589.0,9727.0,1779.5
3.0,0.0,81.0,5688.0,0.0,2.0,8.0,28.0,14190.0,6856.0,2844.0
4.0,3.0,168.0,5091.0,0.0,4.0,1.0,38.0,11182.0,4216.0,2545.5
3.0,4.0,70.0,7965.0,0.0,3.0,7.0,20.0,77200.0,8112.0,3982.5
6.0,0.0,165.0,5451.0,0.0,3.0,6.0,47.0,54371.0,4676.0,2725.5
9.0,0.0,128.0,9136.0,0.0,4.0,3.0,33.0,12422.0,33.0,4568.0
8.0,0.0,15.0,6135.0,0.0,3.0,5.0,25.0,74308.0,141.0,3067.5
2.0,1.0,156.0,3066.0,0.0,5.0,5.0,13.0,82126.0,6780.0,1533.0
9.0,0.0,163.0,5814.0,0.0,2.0,6.0,18.0,73137.0,9790.0,2907.0
5.0,2.0,157.0,8119.0,0.0,5.0,4.0,32.0,54146.0,1047.0,4059.5
8.0,2.0,95.0,3507.0,0.0,5.0,10.0,14.0,77207.0,4272.0,1753.5
3.0,4.0,60.0,4588.0,0.0,4.0,11.0,33.0,68325.0,7245.0,2294.0
6.0,2.0,11.0,6884.0,0.0,3.0,3.0,6.0,92471.0,2167.0,3442.0
5.0,4.0,112.0,9383.0,0.0,1.0,9.0,31.0,15990.0,7004.0,4691.5
9.0,1.0,188.0,7892.0,0.0,2.0,4.0,32.0,23055.0,6062.0,3946.0
8.0,2.0,28.0,5566.0,0.0,3.0,9.0,23.0,89422.0,491.0,2783.0
6.0,1.0,174.0,4626.0,0.0,0.0,4.0,35.0,38968.0,9730.0,2313.0
8.0,2.0,163.0,1544.0,0.0,1.0,4.0,23.0,33603.0,1874.0,772.0
0.0,0.0,52.0,9066.0,0.0,5.0,9.0,39.0,13405.0,3429.0,4533.0
8.0,2.0,177.0,8030.0,0.0,1.0,3.0,26.0,78506.0,5334.0,4015.0
4.0,4.0,63.0,2510.0,0.0,2.0,1.0,41.0,98621.0,4810.0,1255.0
5.0,0.0,116.0,3615.0,0.0,5.0,10.0,39.0,57156.0,5349.0,1807.5
9.0,0.0,63.0,3744.0,0.0,0.0,6.0,17.0,99711.0,3243.0,1872.0
5.0,0.0,77.0,2903.0,0.0,4.0,4.0,15.0,33699.0,6724.0,1451.5
5.0,4.0,113.0,4729.0,0.0,5.0,10.0,19.0,79448.0,9336.0,2364.5
5.0,0.0,141.0,5714.0,0.0,0.0,2.0,48.0,35684.0,8776.0,2857.0
3.0,4.0,26.0,5352.0,0.0,3.0,7.0,5.0,63305.0,986.0,2676.0
7.0,0.0,66.0,2320.0,0.0,3.0,5.0,5.0,70366.0,7779.0,1160.0
0.0,3.0,10.0,3173.0,0.0,0.0,1.0,14.0,54616.0,7608.0,1586.5
4.0,2.0,138.0,3446.0,0.0,1.0,10.0,27.0,9933.0,2115.0,1723.0
0.0,3.0,188.0,7693.0,0.0,2.0,4.0,37.0,44740.0,437.0,3846.5
3.0,4.0,61.0,5976.0,0.0,0.0,4.0,1.0,44712.0,9026.0,2988.0
0.0,0.0,109.0,1772.0,0.0,3.0,4.0,22.0,81836.0,8724.0,886.0
0.0,4.0,183.0,7022.0,0.0,2.0,11.0,5.0,3212.0,5307.0,3511.0
0.0,1.0,46.0,1731.0,0.0,0.0,10.0,36.0,13052.0,194.0,865.5
9.0,3.0,193.0,9839.0,0.0,3.0,2.0,6.0,94470.0,3508.0,4919.5
3.0,3.0,78.0,8309.0,0.0,2.0,7.0,26.0,24827.0,3174.0,4154.5
1.0,0.0,23.0,7083.0,0.0,5.0,2.0,12.0,22343.0,6953.0,3541.5
9.0,4.0,166.0,7956.0,0.0,1.0,3.0,5.0,8204.0,3989.0,3978.0
2.0,0.0,59.0,2468.0,0.0,4.0,11.0,26.0,83169.0,4928.0,1234.0
6.0,3.0,113.0,2566.0,0.0,1.0,6.0,41.0,85724.0,3077.0,1283.0
6.0,3.0,199.0,2322.0,0.0,3.0,5.0,17.0,6338.0,342.0,1161.0
7.0,1.0,17.0,3007.0,0.0,2.0,2.0,29.0,7436.0,1494.0,1503.5
9.0,3.0,169.0,6815.0,0.0,2.0,3.0,14.0,43197.0,7879.0,3407.5
4.0,0.0,106.0,6152.0,0.0,5.0,10.0,19.0,87691.0,8176.0,3076.0
2.0,2.0,122.0,1058.0,0.0,1.0,2.0,11.0,40238.0,2740.0,529.0
9.0,0.0,123.0,6269.0,0.0,1.0,10.0,35.0,10708.0,7210.0,3134.5
0.0,4.0,51.0,2013.0,0.0,3.0,11.0,2.0,75401.0,4284.0,1006.5
4.0,1.0,64.0,2192.0,0.0,4.0,7.0,49.0,95531.0,8771.0,1096.0
7.0,2.0,69.0,3777.0,0.0,4.0,5.0,45.0,30511.0,3328.0,1888.5
2.0,2.0,157.0,8985.0,0.0,2.0,9.0,43.0,33837.0,2149.0,4492.5
2.0,1.0,32.0,4313.0,0.0,5.0,9.0,49.0,83442.0,4322.0,2156.5
3.0,0.0,27.0,9853.0,0.0,4.0,11.0,48.0,14311.0,6730.0,4926.5
9.0,2.0,54.0,7517.0,0.0,3.0,7.0,42.0,58853.0,9544.0,3758.5
2.0,3.0,179.0,6778.0,0.0,0.0,2.0,13.0,48890.0,4699.0,3389.0
7.0,3.0,90.0,9555.0,0.0,4.0,3.0,26.0,68696.0,5386.0,4777.5
5.0,0.0,19.0,8874.0,0.0,0.0,11.0,6.0,96340.0,1948.0,4437.0
8.0,0.0,161.0,9259.0,0.0,5.0,1.0,2.0,60467.0,470.0,4629.5
4.0,1.0,13.0,2967.0,0.0,4.0,5.0,0.0,75293.0,4541.0,1483.5
0.0,1.0,129.0,3106.0,0.0,1.0,11.0,26.0,53738.0,4399.0,1553.0
1.0,4.0,170.0,3028.0,0.0,1.0,4.0,24.0,79125.0,9754.0,1514.0
3.0,3.0,136.0,2395.0,0.0,4.0,1.0,21.0,97187.0,5808.0,1197.5
0.0,1.0,89.0,6812.0,0.0,2.0,3.0,24.0,29354.0,4925.0,3406.0
2.0,4.0,58.0,9277.0,0.0,3.0,4.0,10.0,45834.0,6820.0,4638.5
3.0,4.0,118.0,3152.0,0.0,3.0,2.0,32.0,69184.0,9753.0,1576.0
3.0,2.0,50.0,7478.0,0.0,5.0,2.0,34.0,75304.0,6695.0,3739.0
1.0,3.0,142.0,9958.0,0.0,5.0,4.0,49.0,56289.0,1371.0,4979.0
4.0,0.0,142.0,4668.0,0.0,0.0,4.0,45.0,20391.0,447.0,2334.0
5.0,1.0,147.0,8228.0,0.0,0.0,4.0,46.0,34160.0,1528.0,4114.0
7.0,3.0,192.0,4087.0,0.0,4.0,5.0,23.0,96524.0,8874.0,2043.5
8.0,0.0,34.0,7013.0,0.0,4.0,1.0,20.0,33918.0,1856.0,3506.5
5.0,3.0,78.0,7755.0,0.0,1.0,9.0,22.0,26270.0,9934.0,3877.5
9.0,3.0,53.0,4330.0,0.0,5.0,8.0,31.0,60139.0,6677.0,2165.0
1.0,3.0,81.0,8067.0,0.0,3.0,2.0,48.0,84149.0,1278.0,4033.5
0.0,4.0,114.0,8854.0,0.0,0.0,5.0,22.0,94833.0,7122.0,4427.0
9.0,4.0,120.0,6133.0,0.0,5.0,2.0,5.0,88126.0,2014.0,3066.5
8.0,2.0,69.0,4412.0,0.0,5.0,4.0,40.0,67504.0,9126.0,2206.0
9.0,0.0,182.0,2651.0,0.0,1.0,11.0,23.0,51740.0,4109.0,1325.5
2.0,1.0,19.0,2504.0,0.0,5.0,6.0,26.0,39094.0,874.0,1252.0
8.0,0.0,196.0,4050.0,0.0,3.0,9.0,28.0,34004.0,3646.0,2025.0
8.0,0.0,96.0,3791.0,0.0,4.0,5.0,38.0,59299.0,1699.0,1895.5
3.0,4.0,91.0,2910.0,0.0,4.0,9.0,9.0,38059.0,7473.0,1455.0
8.0,3.0,102.0,5519.0,0.0,1.0,5.0,14.0,42247.0,1418.0,2759.5
7.0,0.0,144.0,8841.0,0.0,4.0,1.0,20.0,96580.0,3343.0,4420.5
4.0,2.0,132.0,7632.0,0.0,1.0,6.0,45.0,54700.0,8143.0,3816.0
9.0,4.0,18.0,6458.0,0.0,3.0,5.0,31.0,32542.0,2265.0,3229.0
7.0,4.0,20.0,4443.0,0.0,5.0,6.0,47.0,6779.0,9555.0,2221.5
3.0,0.0,183.0,6038.0,0.0,2.0,1.0,33.0,91837.0,2647.0,3019.0
3.0,4.0,194.0,3605.0,0.0,1.0,3.0,49.0,55116.0,9975.0,1802.5
5.0,3.0,84.0,6960.0,0.0,3.0,6.0,44.0,34607.0,4492.0,3480.0
8.0,1.0,130.0,9198.0,0.0,3.0,1.0,33.0,27436.0,4966.0,4599.0
6.0,0.0,143.0,3933.0,0.0,1.0,5.0,37.0,91494.0,1340.0,1966.5
0.0,2.0,192.0,7244.0,0.0,4.0,4.0,7.0,9092.0,2236.0,3622.0
5.0,0.0,19.0,4253.0,0.0,0.0,3.0,8.0,14414.0,7884.0,2126.5
9.0,0.0,118.0,2903.0,0.0,3.0,1.0,24.0,311.0,4557.0,1451.5
2.0,1.0,52.0,2234.0,0.0,5.0,2.0,2.0,29643.0,3127.0,1117.0
8.0,2.0,188.0,9750.0,0.0,0.0,9.0,32.0,83133.0,1447.0,4875.0
6.0,4.0,109.0,2443.0,0.0,1.0,8.0,9.0,43582.0,1244.0,1221.5
0.0,1.0,10.0,2950.0,0.0,2.0,10.0,7.0,960.0,1648.0,1475.0
4.0,1.0,130.0,4291.0,0.0,1.0,3.0,30.0,55166.0,6371.0,2145.5
3.0,4.0,61.0,6302.0,0.0,1.0,5.0,2.0,5638.0,2011.0,3151.0
1.0,1.0,192.0,4699.0,0.0,0.0,1.0,48.0,8624.0,3341.0,2349.5
7.0,1.0,182.0,6783.0,0.0,0.0,9.0,9.0,35315.0,2750.0,3391.5
7.0,2.0,114.0,5736.0,0.0,5.0,8.0,9.0,22014.0,593.0,2868.0
3.0,1.0,185.0,7817.0,0.0,5.0,3.0,40.0,71063.0,6430.0,3908.5
3.0,2.0,19.0,1187.0,0.0,1.0,9.0,12.0,94080.0,3992.0,593.5
9.0,1.0,106.0,7458.0,0.0,2.0,7.0,15.0,81266.0,8045.0,3729.0
5.0,2.0,142.0,7017.0,0.0,0.0,6.0,11.0,58947.0,1578.0,3508.5
4.0,3.0,131.0,1451.0,0.0,4.0,4.0,7.0,87614.0,4139.0,725.5
9.0,0.0,50.0,3013.0,0.0,2.0,2.0,47.0,93215.0,8798.0,1506.5
5.0,4.0,116.0,8733.0,0.0,1.0,11.0,35.0,27321.0,9919.0,4366.5
5.0,0.0,63.0,9254.0,0.0,3.0,2.0,48.0,2739.0,784.0,4627.0
4.0,4.0,17.0,2030.0,0.0,3.0,9.0,43.0,66780.0,401.0,1015.0
0.0,4.0,91.0,2625.0,0.0,4.0,1.0,48.0,74023.0,2341.0,1312.5
2.0,2.0,89.0,1686.0,0.0,0.0,8.0,31.0,17733.0,1506.0,843.0
5.0,2.0,19.0,1476.0,0.0,4.0,9.0,41.0,42408.0,6391.0,738.0
4.0,4.0,19.0,6324.0,0.0,0.0,6.0,48.0,56119.0,2907.0,3162.0
9.0,3.0,117.0,4844.0,0.0,0.0,5.0,23.0,21225.0,5096.0,2422.0
3.0,3.0,127.0,6268.0,0.0,0.0,3.0,22.0,18676.0,4488.0,3134.0
7.0,4.0,170.0,3833.0,0.0,3.0,4.0,48.0,936.0,8716.0,1916.5
8.0,1.0,88.0,2969.0,0.0,3.0,11.0,13.0,19360.0,9072.0,1484.5
4.0,2.0,176.0,4601.0,0.0,0.0,10.0,29.0,50998.0,3725.0,2300.5
6.0,2.0,14.0,4940.0,0.0,3.0,3.0,19.0,26210.0,3573.0,2470.0
7.0,4.0,116.0,7621.0,0.0,1.0,9.0,20.0,34054.0,5425.0,3810.5
9.0,2.0,175.0,7301.0,0.0,5.0,8.0,33.0,70940.0,5216.0,3650.5
5.0,3.0,102.0,7213.0,0.0,5.0,5.0,17.0,36647.0,3568.0,3606.5
7.0,2.0,116.0,8044.0,0.0,1.0,6.0,48.0,54386.0,9409.0,4022.0
1.0,0.0,144.0,2346.0,0.0,2.0,10.0,14.0,19864.0,1200.0,1173.0
4.0,4.0,82.0,3768.0,0.0,2.0,5.0,38.0,56414.0,3191.0,1884.0
9.0,4.0,27.0,3156.0,0.0,0.0,5.0,31.0,83219.0,5621.0,1578.0
6.0,3.0,179.0,4513.0,0.0,3.0,9.0,30.0,25503.0,1603.0,2256.5
9.0,2.0,13.0,2726.0,0.0,3.0,3.0,2.0,16227.0,4179.0,1363.0
1.0,4.0,74.0,5860.0,0.0,2.0,10.0,34.0,2477.0,591.0,2930.0
1.0,4.0,61.0,1307.0,0.0,1.0,2.0,29.0,64020.0,7646.0,653.5
6.0,3.0,148.0,2359.0,0.0,0.0,8.0,16.0,75032.0,4596.0,1179.5
6.0,2.0,145.0,7072.0,0.0,1.0,10.0,47.0,7200.0,1017.0,3536.0
7.0,3.0,67.0,9987.0,0.0,2.0,9.0,0.0,56962.0,976.0,4993.5
9.0,2.0,116.0,5869.0,0.0,0.0,3.0,47.0,24016.0,1460.0,2934.5
1.0,0.0,100.0,6205.0,0.0,1.0,5.0,19.0,49868.0,9911.0,3102.5
7.0,4.0,134.0,2829.0,0.0,3.0,8.0,45.0,722.0,9059.0,1414.5
4.0,3.0,37.0,8033.0,0.0,3.0,9.0,19.0,5835.0,7141.0,4016.5
3.0,0.0,121.0,2520.0,0.0,3.0,1.0,20.0,88322.0,2300.0,1260.0
8.0,4.0,80.0,6034.0,0.0,1.0,5.0,17.0,97891.0,8882.0,3017.0
4.0,3.0,122.0,2736.0,0.0,1.0,1.0,33.0,27704.0,8137.0,1368.0
8.0,2.0,27.0,9187.0,0.0,1.0,11.0,8.0,95728.0,9384.0,4593.5
1.0,2.0,84.0,7213.0,0.0,1.0,3.0,16.0,78392.0,9358.0,3606.5
0.0,3.0,156.0,4250.0,0.0,1.0,1.0,32.0,32988.0,2139.0,2125.0
3.0,1.0,83.0,9778.0,0.0,3.0,8.0,8.0,2641.0,9935.0,4889.0
5.0,1.0,118.0,7258.0,0.0,0.0,7.0,31.0,6165.0,2508.0,3629.0
8.0,3.0,167.0,7549.0,0.0,0.0,9.0,17.0,63423.0,647.0,3774.5
2.0,2.0,57.0,2925.0,0.0,2.0,9.0,21.0,11105.0,9509.0,1462.5
4.0,2.0,85.0,4750.0,0.0,1.0,6.0,8.0,99715.0,1574.0,2375.0
0.0,0.0,47.0,8852.0,0.0,0.0,9.0,48.0,5660.0,1675.0,4426.0
0.0,0.0,160.0,2603.0,0.0,1.0,3.0,48.0,4657.0,4338.0,1301.5
9.0,1.0,114.0,9977.0,0.0,5.0,6.0,8.0,21554.0,8327.0,4988.5
9.0,2.0,63.0,5990.0,0.0,1.0,6.0,41.0,30238.0,2509.0,2995.0
3.0,2.0,27.0,4060.0,0.0,5.0,8.0,31.0,7975.0,6341.0,2030.0
1.0,4.0,98.0,6236.0,0.0,1.0,8.0,0.0,73794.0,3210.0,3118.0
7.0,2.0,178.0,5622.0,0.0,3.0,6.0,37.0,98222.0,933.0,2811.0
4.0,2.0,131.0,5470.0,0.0,0.0,6.0,45.0,78667.0,9380.0,2735.0
8.0,1.0,81.0,3049.0,0.0,5.0,10.0,10.0,55773.0,9824.0,1524.5
7.0,3.0,116.0,9461.0,0.0,0.0,7.0,49.0,17982.0,8583.0,4730.5
6.0,1.0,11.0,5223.0,0.0,0.0,4.0,30.0,64159.0,2776.0,2611.5
2.0,4.0,137.0,3770.0,0.0,5.0,11.0,37.0,14254.0,3437.0,1885.0
8.0,2.0,167.0,1670.0,0.0,3.0,3.0,10.0,49308.0,3478.0,835.0
6.0,1.0,27.0,5510.0,0.0,2.0,11.0,8.0,75121.0,2720.0,2755.0
7.0,3.0,69.0,6620.0,0.0,3.0,9.0,48.0,44468.0,7008.0,3310.0
9.0,2.0,125.0,8878.0,0.0,1.0,9.0,8.0,11041.0,1842.0,4439.0
7.0,1.0,83.0,5488.0,0.0,4.0,2.0,30.0,18340.0,6650.0,2744.0
5.0,0.0,121.0,3475.0,0.0,0.0,2.0,21.0,15993.0,4462.0,1737.5
3.0,1.0,55.0,9856.0,0.0,3.0,6.0,14.0,3141.0,8218.0,4928.0
7.0,4.0,60.0,2140.0,0.0,0.0,10.0,43.0,53128.0,8790.0,1070.0
0.0,1.0,30.0,2048.0,0.0,1.0,2.0,20.0,26216.0,3224.0,1024.0
2.0,1.0,107.0,3636.0,0.0,4.0,9.0,25.0,17732.0,6493.0,1818.0
2.0,0.0,37.0,1377.0,0.0,0.0,3.0,18.0,4622.0,7751.0,688.5
3.0,0.0,88.0,9703.0,0.0,0.0,5.0,32.0,47229.0,945.0,4851.5
8.0,3.0,10.0,9154.0,0.0,1.0,9.0,30.0,68261.0,9712.0,4577.0
2.0,4.0,126.0,7465.0,0.0,5.0,9.0,17.0,64512.0,1330.0,3732.5
9.0,1.0,27.0,5354.0,0.0,1.0,10.0,7.0,42672.0,7464.0,2677.0
0.0,0.0,198.0,2619.0,0.0,2.0,5.0,18.0,52014.0,135.0,1309.5
6.0,2.0,116.0,6604.0,0.0,1.0,4.0,43.0,97991.0,7056.0,3302.0
4.0,2.0,143.0,7984.0,0.0,5.0,1.0,28.0,84421.0,1155.0,3992.0
1.0,2.0,102.0,5543.0,0.0,3.0,5.0,26.0,92740.0,2017.0,2771.5
9.0,4.0,179.0,1560.0,0.0,4.0,1.0,4.0,96286.0,7407.0,780.0
2.0,4.0,163.0,4040.0,0.0,0.0,7.0,2.0,46655.0,2761.0,2020.0
1.0,1.0,149.0,9435.0,0.0,1.0,2.0,26.0,73192.0,8355.0,4717.5
9.0,0.0,94.0,3222.0,0.0,5.0,5.0,3.0,42638.0,8183.0,1611.0
9.0,4.0,56.0,8023.0,0.0,3.0,10.0,42.0,70811.0,8974.0,4011.5
4.0,1.0,114.0,5757.0,0.0,3.0,3.0,21.0,59799.0,7467.0,2878.5
6.0,3.0,141.0,3654.0,0.0,0.0,1.0,27.0,66507.0,4361.0,1827.0
2.0,4.0,13.0,2075.0,0.0,0.0,11.0,2.0,11021.0,1905.0,1037.5
9.0,4.0,79.0,7833.0,0.0,4.0,10.0,17.0,30789.0,1525.0,3916.5
2.0,2.0,136.0,2886.0,0.0,4.0,5.0,17.0,28013.0,7971.0,1443.0
0.0,2.0,20.0,1370.0,0.0,3.0,3.0,6.0,95092.0,4289.0,685.0
1.0,3.0,11.0,2887.0,0.0,4.0,7.0,29.0,8298.0,3813.0,1443.5
8.0,0.0,124.0,8397.0,0.0,1.0,2.0,7.0,34606.0,6518.0,4198.5
7.0,1.0,143.0,2826.0,0.0,1.0,9.0,34.0,17005.0,3593.0,1413.0
7.0,3.0,112.0,9551.0,0.0,5.0,5.0,4.0,10675.0,533.0,4775.5
4.0,4.0,63.0,6418.0,0.0,1.0,7.0,7.0,2207.0,2614.0,3209.0
8.0,0.0,84.0,5758.0,0.0,4.0,3.0,41.0,53666.0,8498.0,2879.0
3.0,1.0,187.0,2246.0,0.0,0.0,7.0,11.0,62207.0,6035.0,1123.0
1.0,1.0,136.0,8613.0,0.0,1.0,8.0,22.0,14465.0,3813.0,4306.5
7.0,2.0,56.0,9808.0,0.0,3.0,3.0,32.0,38295.0,6677.0,4904.0
8.0,1.0,137.0,5527.0,0.0,4.0,4.0,3.0,99553.0,5220.0,2763.5
6.0,0.0,61.0,6054.0,0.0,5.0,11.0,20.0,47810.0,2677.0,3027.0
3.0,2.0,71.0,4333.0,0.0,4.0,4.0,6.0,2993.0,1647.0,2166.5
9.0,3.0,29.0,9731.0,0.0,4.0,2.0,35.0,43810.0,5514.0,4865.5
9.0,4.0,114.0,8904.0,0.0,3.0,4.0,28.0,52273.0,6224.0,4452.0
4.0,0.0,192.0,4464.0,0.0,2.0,2.0,43.0,39884.0,6996.0,2232.0
4.0,1.0,170.0,2139.0,0.0,2.0,10.0,18.0,76497.0,6307.0,1069.5
1.0,0.0,24.0,8353.0,0.0,2.0,10.0,49.0,32653.0,5696.0,4176.5
5.0,3.0,168.0,1567.0,0.0,2.0,10.0,1.0,30175.0,2229.0,783.5
3.0,1.0,176.0,8471.0,0.0,5.0,3.0,19.0,52013.0,7316.0,4235.5
3.0,3.0,82.0,2498.0,0.0,3.0,8.0,7.0,95614.0,6113.0,1249.0
0.0,1.0,107.0,3322.0,0.0,0.0,3.0,40.0,26528.0,8488.0,1661.0
4.0,3.0,146.0,8284.0,0.0,5.0,7.0,9.0,4393.0,3070.0,4142.0
2.0,2.0,148.0,3644.0,0.0,0.0,10.0,5.0,91358.0,8639.0,1822.0
0.0,4.0,174.0,1467.0,0.0,2.0,1.0,48.0,87753.0,825.0,733.5
2.0,0.0,164.0,3417.0,0.0,1.0,3.0,34.0,28290.0,8685.0,1708.5
4.0,2.0,156.0,6615.0,0.0,1.0,1.0,30.0,58082.0,3018.0,3307.5
7.0,3.0,48.0,3669.0,0.0,5.0,9.0,22.0,3964.0,6269.0,1834.5
8.0,2.0,63.0,9866.0,0.0,4.0,5.0,2.0,42196.0,2534.0,4933.0
1.0,4.0,122.0,3646.0,0.0,3.0,4.0,7.0,62476.0,4943.0,1823.0
9.0,0.0,198.0,5777.0,0.0,2.0,8.0,16.0,81071.0,2545.0,2888.5
4.0,4.0,24.0,2350.0,0.0,0.0,9.0,26.0,29539.0,7674.0,1175.0
7.0,4.0,172.0,2244.0,0.0,1.0,5.0,31.0,31517.0,4875.0,1122.0
5.0,2.0,109.0,7124.0,0.0,5.0,8.0,30.0,62236.0,5941.0,3562.0
3.0,0.0,139.0,2119.0,0.0,3.0,11.0,17.0,76802.0,3327.0,1059.5
7.0,0.0,159.0,5084.0,0.0,1.0,5.0,0.0,90771.0,6579.0,2542.0
8.0,3.0,123.0,9802.0,0.0,0.0,6.0,13.0,27247.0,4177.0,4901.0
5.0,2.0,107.0,2101.0,0.0,2.0,1.0,23.0,26579.0,953.0,1050.5
6.0,4.0,119.0,6743.0,0.0,2.0,9.0,15.0,66742.0,7508.0,3371.5
1.0,4.0,61.0,1654.0,0.0,3.0,8.0,33.0,15139.0,5751.0,827.0
0.0,1.0,190.0,6026.0,0.0,5.0,3.0,28.0,54603.0,7825.0,3013.0
8.0,1.0,13.0,3339.0,0.0,5.0,1.0,38.0,88989.0,3531.0,1669.5
3.0,4.0,136.0,8118.0,0.0,5.0,8.0,29.0,70045.0,7968.0,4059.0
5.0,1.0,179.0,9669.0,0.0,0.0,4.0,38.0,24051.0,6021.0,4834.5
1.0,2.0,183.0,4112.0,0.0,0.0,4.0,44.0,87037.0,4731.0,2056.0
6.0,3.0,65.0,2812.0,0.0,2.0,3.0,28.0,88813.0,8746.0,1406.0
7.0,3.0,57.0,1458.0,0.0,5.0,11.0,7.0,81272.0,7487.0,729.0
1.0,2.0,40.0,7711.0,0.0,0.0,8.0,43.0,67566.0,9130.0,3855.5
2.0,3.0,156.0,9226.0,0.0,3.0,8.0,45.0,88010.0,910.0,4613.0
3.0,0.0,22.0,9625.0,0.0,0.0,4.0,38.0,96485.0,3782.0,4812.5
0.0,1.0,162.0,4295.0,0.0,2.0,8.0,22.0,86964.0,7961.0,2147.5
6.0,1.0,66.0,5950.0,0.0,3.0,4.0,6.0,16367.0,5531.0,2975.0
4.0,4.0,159.0,8113.0,0.0,0.0,5.0,49.0,94095.0,8601.0,4056.5
6.0,4.0,191.0,2957.0,0.0,2.0,8.0,27.0,74662.0,6336.0,1478.5
5.0,1.0,104.0,9219.0,0.0,4.0,2.0,42.0,71239.0,6741.0,4609.5
8.0,0.0,63.0,3344.0,0.0,5.0,4.0,49.0,43720.0,3279.0,1672.0
1.0,1.0,78.0,1435.0,0.0,5.0,7.0,12.0,87348.0,7537.0,717.5
2.0,3.0,189.0,9106.0,0.0,4.0,4.0,24.0,29974.0,4361.0,4553.0
0.0,4.0,89.0,2054.0,0.0,3.0,5.0,46.0,90642.0,4571.0,1027.0
0.0,0.0,129.0,2704.0,0.0,4.0,7.0,16.0,8855.0,3877.0,1352.0
6.0,1.0,118.0,8964.0,0.0,0.0,2.0,11.0,30105.0,7448.0,4482.0
0.0,3.0,102.0,6241.0,0.0,1.0,6.0,2.0,88510.0,8853.0,3120.5
5.0,4.0,89.0,1735.0,0.0,0.0,4.0,15.0,78539.0,4585.0,867.5
4.0,1.0,55.0,1397.0,0.0,0.0,1.0,34.0,25035.0,8077.0,698.5
0.0,4.0,10.0,6726.0,0.0,0.0,9.0,12.0,29887.0,979.0,3363.0
0.0,3.0,130.0,1873.0,0.0,3.0,4.0,24.0,70774.0,1300.0,936.5
0.0,1.0,132.0,4949.0,0.0,2.0,10.0,26.0,90302.0,3613.0,2474.5
0.0,3.0,31.0,8736.0,0.0,0.0,8.0,7.0,85475.0,8427.0,4368.0
6.0,4.0,63.0,3455.0,0.0,5.0,10.0,6.0,663.0,1824.0,1727.5
6.0,2.0,72.0,4414.0,0.0,2.0,6.0,44.0,31029.0,7307.0,2207.0
5.0,1.0,71.0,6810.0,0.0,0.0,4.0,0.0,50695.0,2912.0,3405.0
7.0,3.0,41.0,9393.0,0.0,2.0,1.0,4.0,1248.0,8364.0,4696.5
2.0,3.0,120.0,5564.0,0.0,4.0,6.0,2.0,34898.0,2391.0,2782.0
1.0,3.0,38.0,1635.0,0.0,4.0,8.0,20.0,24110.0,7178.0,817.5
3.0,2.0,163.0,9568.0,0.0,5.0,7.0,14.0,66299.0,1163.0,4784.0
1.0,4.0,84.0,9016.0,0.0,1.0,11.0,27.0,69757.0,9148.0,4508.0
8.0,2.0,54.0,9947.0,0.0,5.0,4.0,27.0,66509.0,6702.0,4973.5
1.0,4.0,182.0,3783.0,0.0,3.0,9.0,13.0,76663.0,8114.0,1891.5
8.0,3.0,34.0,7658.0,0.0,2.0,5.0,34.0,29173.0,2211.0,3829.0
8.0,2.0,92.0,6203.0,0.0,0.0,6.0,44.0,5399.0,5609.0,3101.5
8.0,3.0,21.0,7816.0,0.0,3.0,6.0,42.0,39146.0,1316.0,3908.0
9.0,0.0,23.0,8390.0,0.0,1.0,8.0,15.0,76924.0,9324.0,4195.0
7.0,0.0,86.0,4562.0,0.0,1.0,11.0,11.0,12039.0,7623.0,2281.0
1.0,4.0,114.0,2901.0,0.0,5.0,2.0,18.0,94376.0,1685.0,1450.5
6.0,2.0,65.0,9527.0,0.0,2.0,1.0,2.0,36332.0,7426.0,4763.5
7.0,1.0,165.0,9908.0,0.0,3.0,7.0,48.0,40619.0,4642.0,4954.0
8.0,3.0,115.0,6126.0,0.0,0.0,7.0,22.0,5514.0,2141.0,3063.0
3.0,3.0,60.0,2629.0,0.0,5.0,8.0,2.0,63641.0,4208.0,1314.5
9.0,1.0,159.0,6649.0,0.0,0.0,7.0,38.0,74082.0,7059.0,3324.5
1.0,2.0,53.0,5618.0,0.0,0.0,2.0,31.0,94222.0,6085.0,2809.0
2.0,1.0,112.0,7557.0,0.0,5.0,3.0,6.0,82716.0,3115.0,3778.5
6.0,4.0,95.0,2780.0,0.0,5.0,1.0,15.0,96972.0,8885.0,1390.0
4.0,1.0,94.0,2295.0,0.0,5.0,8.0,25.0,10574.0,6917.0,1147.5
5.0,3.0,141.0,7977.0,0.0,5.0,6.0,35.0,12619.0,7541.0,3988.5
1.0,2.0,195.0,5901.0,0.0,5.0,10.0,48.0,56200.0,8697.0,2950.5
7.0,4.0,62.0,1997.0,0.0,0.0,10.0,0.0,24200.0,1996.0,998.5
3.0,2.0,79.0,3442.0,0.0,2.0,2.0,9.0,54834.0,2791.0,1721.0
1.0,4.0,28.0,6998.0,0.0,4.0,9.0,17.0,46712.0,2476.0,3499.0
1.0,4.0,84.0,8605.0,0.0,2.0,7.0,3.0,53855.0,2485.0,4302.5
1.0,2.0,132.0,4801.0,0.0,4.0,8.0,16.0,1468.0,3063.0,2400.5
0.0,0.0,150.0,7756.0,0.0,1.0,6.0,45.0,56388.0,5675.0,3878.0
9.0,4.0,70.0,7167.0,0.0,5.0,6.0,32.0,13636.0,7457.0,3583.5
7.0,1.0,143.0,4665.0,0.0,1.0,11.0,48.0,8125.0,8748.0,2332.5
3.0,4.0,188.0,4871.0,0.0,2.0,8.0,13.0,85631.0,8749.0,2435.5
8.0,2.0,84.0,7943.0,0.0,2.0,3.0,19.0,13217.0,2607.0,3971.5
7.0,4.0,116.0,6702.0,0.0,4.0,1.0,45.0,73105.0,2206.0,3351.0
0.0,2.0,154.0,7581.0,0.0,5.0,10.0,32.0,548.0,5048.0,3790.5
8.0,3.0,111.0,5989.0,0.0,0.0,2.0,9.0,75480.0,9816.0,2994.5
6.0,4.0,183.0,4375.0,0.0,5.0,5.0,17.0,13495.0,5732.0,2187.5
3.0,4.0,176.0,4880.0,0.0,0.0,3.0,5.0,75128.0,3251.0,2440.0
3.0,0.0,60.0,9219.0,0.0,1.0,7.0,40.0,13747.0,2350.0,4609.5
9.0,3.0,74.0,8774.0,0.0,5.0,2.0,7.0,10088.0,5432.0,4387.0
9.0,3.0,68.0,4782.0,0.0,5.0,8.0,18.0,39362.0,8118.0,2391.0
1.0,0.0,128.0,9210.0,0.0,4.0,3.0,47.0,96049.0,2219.0,4605.0
5.0,1.0,32.0,8552.0,0.0,0.0,11.0,18.0,66823.0,5475.0,4276.0
7.0,4.0,100.0,9976.0,0.0,2.0,3.0,8.0,74913.0,3942.0,4988.0
3.0,2.0,84.0,5461.0,0.0,4.0,8.0,7.0,95097.0,1411.0,2730.5
9.0,1.0,194.0,2112.0,0.0,3.0,9.0,32.0,14059.0,2095.0,1056.0
3.0,0.0,94.0,9654.0,0.0,0.0,6.0,41.0,83311.0,1252.0,4827.0
6.0,0.0,15.0,7766.0,0.0,2.0,8.0,36.0,80245.0,218.0,3883.0
4.0,1.0,89.0,7781.0,0.0,3.0,6.0,34.0,16217.0,7546.0,3890.5
2.0,0.0,42.0,7711.0,0.0,1.0,3.0,43.0,31247.0,1747.0,3855.5
1.0,2.0,146.0,1733.0,0.0,3.0,2.0,41.0,927.0,6357.0,866.5
1.0,0.0,116.0,5657.0,0.0,2.0,11.0,31.0,45549.0,596.0,2828.5
6.0,0.0,24.0,3671.0,0.0,0.0,7.0,28.0,96028.0,5979.0,1835.5
2.0,1.0,170.0,7753.0,0.0,2.0,8.0,19.0,12569.0,1354.0,3876.5
7.0,4.0,139.0,2766.0,0.0,2.0,8.0,31.0,7478.0,6451.0,1383.0
1.0,4.0,133.0,3213.0,0.0,0.0,9.0,48.0,85098.0,3043.0,1606.5
3.0,0.0,90.0,7061.0,0.0,1.0,10.0,14.0,83969.0,3794.0,3530.5
2.0,3.0,46.0,6533.0,0.0,3.0,10.0,39.0,19717.0,3433.0,3266.5
5.0,1.0,143.0,5549.0,0.0,5.0,9.0,48.0,93161.0,9748.0,2774.5
1.0,0.0,175.0,1599.0,0.0,2.0,11.0,28.0,97688.0,4522.0,799.5
6.0,4.0,178.0,7616.0,0.0,1.0,9.0,8.0,45651.0,6629.0,3808.0
7.0,4.0,156.0,3917.0,0.0,1.0,4.0,1.0,24971.0,8395.0,1958.5
0.0,0.0,56.0,5240.0,0.0,5.0,4.0,39.0,51092.0,6242.0,2620.0
8.0,0.0,134.0,8263.0,0.0,2.0,5.0,44.0,17229.0,2010.0,4131.5
9.0,3.0,26.0,6432.0,0.0,0.0,10.0,20.0,43336.0,5038.0,3216.0
7.0,0.0,58.0,1942.0,0.0,5.0,8.0,48.0,16146.0,7842.0,971.0
9.0,3.0,142.0,8334.0,0.0,2.0,1.0,5.0,76287.0,1262.0,4167.0
1.0,3.0,134.0,7545.0,0.0,1.0,6.0,10.0,6054.0,4695.0,3772.5
5.0,1.0,184.0,1329.0,0.0,5.0,3.0,23.0,86004.0,5071.0,664.5
6.0,4.0,89.0,7813.0,0.0,1.0,3.0,34.0,28197.0,9394.0,3906.5
9.0,0.0,77.0,2795.0,0.0,1.0,4.0,28.0,55133.0,5987.0,1397.5
2.0,4.0,53.0,1709.0,0.0,1.0,1.0,34.0,51629.0,42.0,854.5
2.0,1.0,159.0,9237.0,0.0,1.0,11.0,40.0,82967.0,9456.0,4618.5
8.0,4.0,126.0,6444.0,0.0,1.0,4.0,45.0,92562.0,4527.0,3222.0
8.0,1.0,68.0,3135.0,0.0,1.0,10.0,23.0,86976.0,531.0,1567.5
0.0,4.0,195.0,5941.0,0.0,1.0,5.0,36.0,41196.0,1919.0,2970.5
5.0,0.0,64.0,8376.0,0.0,2.0,1.0,42.0,91389.0,4822.0,4188.0
3.0,2.0,90.0,7741.0,0.0,0.0,9.0,11.0,15680.0,2095.0,3870.5
1.0,1.0,152.0,8643.0,0.0,2.0,9.0,11.0,40394.0,3393.0,4321.5
2.0,3.0,88.0,4474.0,0.0,4.0,10.0,16.0,13985.0,7574.0,2237.0
1.0,3.0,123.0,9632.0,0.0,5.0,1.0,29.0,44428.0,6479.0,4816.0
4.0,0.0,157.0,7325.0,0.0,0.0,2.0,33.0,61493.0,9091.0,3662.5
1.0,4.0,30.0,1246.0,0.0,1.0,10.0,15.0,98975.0,4311.0,623.0
7.0,1.0,106.0,8348.0,0.0,5.0,8.0,13.0,56833.0,5.0,4174.0
9.0,1.0,194.0,9954.0,0.0,0.0,2.0,16.0,65484.0,65.0,4977.0
5.0,2.0,195.0,4938.0,0.0,0.0,6.0,0.0,9688.0,4590.0,2469.0
7.0,3.0,180.0,1423.0,0.0,0.0,8.0,37.0,35219.0,8075.0,711.5
0.0,0.0,56.0,1076.0,0.0,0.0,2.0,33.0,85707.0,2272.0,538.0
0.0,3.0,80.0,8101.0,0.0,5.0,10.0,3.0,34301.0,5910.0,4050.5
6.0,4.0,68.0,8505.0,0.0,2.0,2.0,20.0,72492.0,4428.0,4252.5
5.0,2.0,52.0,4774.0,0.0,5.0,10.0,44.0,82447.0,4367.0,2387.0
1.0,0.0,49.0,5074.0,0.0,3.0,7.0,17.0,82924.0,7272.0,2537.0
7.0,4.0,90.0,9079.0,0.0,0.0,2.0,1.0,29375.0,7281.0,4539.5
6.0,2.0,129.0,3598.0,0.0,0.0,6.0,44.0,77102.0,6362.0,1799.0
2.0,4.0,183.0,7281.0,0.0,4.0,5.0,41.0,70305.0,8430.0,3640.5
1.0,2.0,189.0,9628.0,0.0,4.0,9.0,39.0,73475.0,6924.0,4814.0
4.0,2.0,109.0,4562.0,0.0,2.0,3.0,36.0,98682.0,3953.0,2281.0
1.0,0.0,103.0,3461.0,0.0,5.0,7.0,14.0,59209.0,8472.0,1730.5
1.0,4.0,159.0,8876.0,0.0,3.0,4.0,46.0,99718.0,2306.0,4438.0
7.0,2.0,36.0,6085.0,0.0,2.0,7.0,32.0,57387.0,5308.0,3042.5
0.0,0.0,65.0,6439.0,0.0,1.0,7.0,21.0,32140.0,3265.0,3219.5
2.0,4.0,146.0,5133.0,0.0,0.0,8.0,44.0,39421.0,8435.0,2566.5
4.0,0.0,180.0,9673.0,0.0,5.0,2.0,26.0,63953.0,4195.0,4836.5
9.0,2.0,159.0,7607.0,0.0,2.0,1.0,42.0,84496.0,7728.0,3803.5
2.0,4.0,145.0,3067.0,0.0,3.0,7.0,24.0,67247.0,2953.0,1533.5
6.0,4.0,145.0,9706.0,0.0,3.0,1.0,28.0,53381.0,9398.0,4853.0
0.0,1.0,82.0,2779.0,0.0,5.0,3.0,49.0,85856.0,4864.0,1389.5
1.0,4.0,66.0,3996.0,0.0,4.0,5.0,49.0,69258.0,2345.0,1998.0
5.0,1.0,171.0,6944.0,0.0,5.0,8.0,9.0,10033.0,4706.0,3472.0
7.0,0.0,56.0,6160.0,0.0,1.0,11.0,25.0,43298.0,5952.0,3080.0
1.0,4.0,73.0,4572.0,0.0,0.0,1.0,41.0,13140.0,3881.0,2286.0
6.0,3.0,196.0,2768.0,0.0,1.0,1.0,9.0,83769.0,7198.0,1384.0
3.0,0.0,128.0,5768.0,0.0,5.0,6.0,1.0,79307.0,2427.0,2884.0
2.0,1.0,16.0,3637.0,0.0,3.0,10.0,32.0,82125.0,6287.0,1818.5
6.0,1.0,178.0,1445.0,0.0,1.0,11.0,42.0,39673.0,9949.0,722.5
8.0,0.0,70.0,3886.0,0.0,3.0,4.0,27.0,77549.0,4532.0,1943.0
8.0,3.0,116.0,2894.0,0.0,3.0,4.0,27.0,88788.0,646.0,1447.0
5.0,2.0,83.0,1340.0,0.0,5.0,3.0,48.0,35820.0,9184.0,670.0
9.0,1.0,53.0,6848.0,0.0,0.0,3.0,33.0,78582.0,3242.0,3424.0
1.0,3.0,143.0,1535.0,0.0,5.0,10.0,10.0,24991.0,7792.0,767.5
6.0,4.0,28.0,6283.0,0.0,2.0,11.0,45.0,95042.0,2130.0,3141.5
9.0,1.0,91.0,5562.0,0.0,5.0,2.0,46.0,71212.0,8053.0,2781.0
5.0,0.0,82.0,3336.0,0.0,4.0,8.0,27.0,61972.0,6519.0,1668.0
5.0,3.0,166.0,6204.0,0.0,2.0,11.0,18.0,61498.0,7617.0,3102.0
0.0,2.0,123.0,6347.0,0.0,3.0,10.0,1.0,76966.0,7362.0,3173.5
7.0,1.0,178.0,4803.0,0.0,5.0,6.0,47.0,70173.0,7874.0,2401.5
1.0,3.0,143.0,2305.0,0.0,0.0,4.0,42.0,88602.0,3307.0,1152.5
5.0,4.0,107.0,5609.0,0.0,4.0,7.0,39.0,66786.0,7139.0,2804.5
3.0,4.0,15.0,6272.0,0.0,5.0,6.0,46.0,90684.0,596.0,3136.0
4.0,1.0,10.0,8414.0,0.0,1.0,4.0,4.0,40567.0,5584.0,4207.0
1.0,4.0,70.0,1145.0,0.0,3.0,4.0,11.0,78015.0,4266.0,572.5
0.0,2.0,176.0,3131.0,0.0,4.0,7.0,41.0,85182.0,2907.0,1565.5
0.0,2.0,163.0,2202.0,0.0,2.0,1.0,30.0,69900.0,7608.0,1101.0
6.0,3.0,19.0,9591.0,0.0,1.0,7.0,33.0,69542.0,809.0,4795.5
8.0,3.0,166.0,5902.0,0.0,2.0,10.0,45.0,19062.0,4136.0,2951.0
0.0,1.0,192.0,7062.0,0.0,2.0,3.0,11.0,66935.0,4237.0,3531.0
3.0,3.0,182.0,5048.0,0.0,4.0,7.0,15.0,63247.0,3535.0,2524.0
0.0,0.0,175.0,1615.0,0.0,1.0,3.0,17.0,53242.0,9782.0,807.5
4.0,1.0,24.0,7239.0,0.0,1.0,6.0,13.0,12093.0,5901.0,3619.5
2.0,3.0,49.0,5541.0,0.0,0.0,11.0,47.0,82535.0,4672.0,2770.5
0.0,1.0,104.0,5396.0,0.0,1.0,5.0,28.0,91967.0,9639.0,2698.0
1.0,0.0,52.0,4879.0,0.0,0.0,1.0,46.0,82675.0,8214.0,2439.5
4.0,2.0,113.0,3820.0,0.0,5.0,10.0,36.0,58271.0,5760.0,1910.0
1.0,0.0,113.0,4685.0,0.0,2.0,5.0,5.0,76216.0,7709.0,2342.5
1.0,1.0,38.0,2623.0,0.0,3.0,4.0,24.0,13703.0,3264.0,1311.5
2.0,2.0,115.0,9311.0,0.0,2.0,10.0,16.0,87410.0,5547.0,4655.5
0.0,4.0,87.0,6115.0,0.0,1.0,2.0,22.0,42373.0,8411.0,3057.5
7.0,4.0,129.0,9101.0,0.0,4.0,11.0,12.0,43660.0,9666.0,4550.5
5.0,2.0,53.0,1419.0,0.0,2.0,1.0,47.0,28347.0,2172.0,709.5
9.0,3.0,158.0,5246.0,0.0,4.0,7.0,14.0,29207.0,5084.0,2623.0
9.0,3.0,39.0,2026.0,0.0,1.0,3.0,10.0,77346.0,9959.0,1013.0
7.0,1.0,29.0,9905.0,0.0,1.0,11.0,11.0,12459.0,3066.0,4952.5
7.0,3.0,151.0,4530.0,0.0,3.0,9.0,1.0,28857.0,2878.0,2265.0
4.0,0.0,71.0,3144.0,0.0,3.0,5.0,7.0,24169.0,1737.0,1572.0
5.0,1.0,177.0,8595.0,0.0,1.0,4.0,16.0,86841.0,1428.0,4297.5
1.0,3.0,88.0,8308.0,0.0,0.0,4.0,5.0,45525.0,9908.0,4154.0
9.0,1.0,148.0,1768.0,0.0,4.0,4.0,37.0,42383.0,9404.0,884.0
9.0,0.0,32.0,3859.0,0.0,3.0,9.0,1.0,85499.0,6850.0,1929.5
6.0,3.0,75.0,7197.0,0.0,2.0,10.0,33.0,73522.0,5529.0,3598.5
5.0,2.0,172.0,4440.0,0.0,4.0,6.0,17.0,12415.0,4906.0,2220.0
9.0,3.0,81.0,4905.0,0.0,2.0,4.0,31.0,49187.0,3580.0,2452.5
3.0,4.0,184.0,7294.0,0.0,2.0,11.0,20.0,51626.0,8650.0,3647.0
7.0,3.0,128.0,2604.0,0.0,0.0,3.0,2.0,92607.0,2633.0,1302.0
0.0,2.0,114.0,5034.0,0.0,0.0,5.0,3.0,51725.0,8307.0,2517.0
5.0,4.0,26.0,1994.0,0.0,5.0,2.0,12.0,22129.0,9587.0,997.0
2.0,0.0,136.0,1231.0,0.0,1.0,1.0,28.0,12620.0,6655.0,615.5
7.0,0.0,140.0,2150.0,0.0,0.0,4.0,33.0,45162.0,5901.0,1075.0
6.0,3.0,179.0,3548.0,0.0,4.0,1.0,5.0,97852.0,2932.0,1774.0
0.0,4.0,58.0,9312.0,0.0,0.0,4.0,38.0,47277.0,7080.0,4656.0
3.0,0.0,170.0,2631.0,0.0,4.0,1.0,10.0,72508.0,9330.0,1315.5
2.0,4.0,49.0,8583.0,0.0,4.0,8.0,1.0,45817.0,4105.0,4291.5
4.0,4.0,106.0,5946.0,0.0,2.0,8.0,21.0,98057.0,6239.0,2973.0
9.0,0.0,155.0,4644.0,0.0,5.0,3.0,12.0,52514.0,6623.0,2322.0
9.0,1.0,97.0,8468.0,0.0,0.0,11.0,16.0,17628.0,6044.0,4234.0
1.0,4.0,122.0,8500.0,0.0,0.0,5.0,47.0,84960.0,4084.0,4250.0
1.0,4.0,10.0,6510.0,0.0,3.0,7.0,0.0,83160.0,7367.0,3255.0
9.0,1.0,196.0,8225.0,0.0,0.0,5.0,45.0,45183.0,9043.0,4112.5
0.0,0.0,181.0,3594.0,0.0,1.0,8.0,33.0,50708.0,2528.0,1797.0
0.0,0.0,114.0,4645.0,0.0,1.0,2.0,39.0,74624.0,3679.0,2322.5
7.0,1.0,62.0,1836.0,0.0,1.0,3.0,38.0,25795.0,2310.0,918.0
6.0,4.0,146.0,7597.0,0.0,5.0,6.0,25.0,39353.0,9684.0,3798.5
8.0,3.0,101.0,1338.0,0.0,5.0,1.0,48.0,46253.0,7850.0,669.0
3.0,3.0,188.0,1535.0,0.0,3.0,11.0,49.0,86218.0,9036.0,767.5
3.0,2.0,105.0,8521.0,0.0,3.0,3.0,47.0,27590.0,8247.0,4260.5
4.0,0.0,13.0,8665.0,0.0,2.0,10.0,19.0,68305.0,9000.0,4332.5
1.0,4.0,120.0,3698.0,0.0,3.0,10.0,33.0,1483.0,4149.0,1849.0
8.0,0.0,22.0,8439.0,0.0,0.0,7.0,18.0,13462.0,6073.0,4219.5
2.0,4.0,93.0,8627.0,0.0,3.0,4.0,30.0,38575.0,5847.0,4313.5
8.0,1.0,109.0,8900.0,0.0,5.0,10.0,3.0,74692.0,16.0,4450.0
0.0,1.0,102.0,2230.0,0.0,4.0,9.0,4.0,31284.0,8267.0,1115.0
8.0,4.0,179.0,2192.0,0.0,5.0,3.0,15.0,19251.0,8742.0,1096.0
4.0,0.0,79.0,3376.0,0.0,0.0,7.0,14.0,38948.0,4775.0,1688.0
8.0,2.0,61.0,8481.0,0.0,4.0,9.0,6.0,22172.0,178.0,4240.5
5.0,3.0,60.0,7354.0,0.0,1.0,1.0,7.0,10297.0,9019.0,3677.0
0.0,2.0,181.0,6179.0,0.0,2.0,10.0,12.0,95487.0,7992.0,3089.5
3.0,0.0,132.0,9642.0,0.0,3.0,8.0,26.0,59157.0,4021.0,4821.0
2.0,4.0,86.0,1091.0,0.0,3.0,1.0,3.0,84568.0,2842.0,545.5
9.0,3.0,127.0,5357.0,0.0,4.0,11.0,1.0,84113.0,9990.0,2678.5
2.0,0.0,98.0,6091.0,0.0,2.0,1.0,20.0,33420.0,9278.0,3045.5
2.0,1.0,151.0,4539.0,0.0,0.0,4.0,41.0,71030.0,9143.0,2269.5
8.0,1.0,121.0,7444.0,0.0,2.0,1.0,35.0,9781.0,4007.0,3722.0
7.0,2.0,178.0,9680.0,0.0,5.0,4.0,10.0,62980.0,5325.0,4840.0
7.0,0.0,140.0,2610.0,0.0,4.0,11.0,15.0,71120.0,5424.0,1305.0
5.0,0.0,94.0,6176.0,0.0,0.0,11.0,17.0,80288.0,3238.0,3088.0
2.0,2.0,78.0,3544.0,0.0,4.0,8.0,48.0,11040.0,3368.0,1772.0
2.0,2.0,124.0,2576.0,0.0,1.0,3.0,37.0,6183.0,6843.0,1288.0
4.0,1.0,50.0,4909.0,0.0,3.0,9.0,24.0,93237.0,558.0,2454.5
7.0,3.0,33.0,6633.0,0.0,5.0,2.0,45.0,32923.0,9341.0,3316.5
5.0,4.0,193.0,9392.0,0.0,0.0,9.0,24.0,87500.0,5641.0,4696.0
5.0,2.0,156.0,3473.0,0.0,2.0,1.0,49.0,24824.0,4186.0,1736.5
5.0,1.0,130.0,9249.0,0.0,4.0,8.0,5.0,37623.0,6310.0,4624.5
9.0,3.0,171.0,8570.0,0.0,1.0,6.0,9.0,21441.0,3456.0,4285.0
4.0,0.0,175.0,8099.0,0.0,4.0,1.0,26.0,63561.0,8689.0,4049.5
8.0,4.0,98.0,9416.0,0.0,2.0,3.0,8.0,87568.0,9550.0,4708.0
7.0,0.0,59.0,9760.0,0.0,0.0,11.0,7.0,15815.0,2633.0,4880.0
9.0,4.0,44.0,3559.0,0.0,2.0,9.0,9.0,99614.0,1075.0,1779.5
3.0,1.0,168.0,8049.0,0.0,3.0,3.0,18.0,96652.0,3437.0,4024.5
1.0,4.0,116.0,4384.0,0.0,3.0,8.0,49.0,41982.0,3062.0,2192.0
9.0,2.0,95.0,9857.0,0.0,4.0,11.0,32.0,13408.0,6406.0,4928.5
9.0,3.0,48.0,7308.0,0.0,5.0,8.0,3.0,29751.0,8598.0,3654.0
1.0,2.0,47.0,3270.0,0.0,3.0,7.0,9.0,52663.0,5282.0,1635.0
4.0,1.0,107.0,5744.0,0.0,1.0,9.0,15.0,98753.0,9502.0,2872.0
0.0,2.0,120.0,8793.0,0.0,5.0,10.0,11.0,56451.0,8850.0,4396.5
0.0,1.0,52.0,4796.0,0.0,2.0,5.0,11.0,68794.0,6773.0,2398.0
5.0,0.0,149.0,7217.0,0.0,0.0,3.0,27.0,82766.0,5196.0,3608.5
5.0,4.0,186.0,3493.0,0.0,4.0,1.0,6.0,2921.0,5942.0,1746.5
8.0,4.0,24.0,7167.0,0.0,5.0,10.0,22.0,2943.0,8900.0,3583.5
5.0,4.0,190.0,5451.0,0.0,5.0,11.0,30.0,99899.0,529.0,2725.5
0.0,0.0,37.0,6327.0,0.0,5.0,5.0,33.0,84690.0,1904.0,3163.5
6.0,0.0,121.0,6998.0,0.0,3.0,4.0,23.0,10806.0,8623.0,3499.0
9.0,1.0,35.0,3254.0,0.0,0.0,6.0,39.0,93752.0,6844.0,1627.0
8.0,0.0,161.0,8658.0,0.0,0.0,3.0,34.0,10326.0,1698.0,4329.0
8.0,4.0,132.0,9031.0,0.0,1.0,11.0,17.0,50058.0,8815.0,4515.5
1.0,0.0,171.0,3308.0,0.0,0.0,1.0,35.0,42883.0,5750.0,1654.0
1.0,3.0,80.0,5436.0,0.0,3.0,6.0,27.0,21195.0,7126.0,2718.0
0.0,3.0,21.0,6804.0,0.0,3.0,6.0,48.0,79809.0,9012.0,3402.0
2.0,2.0,44.0,8607.0,0.0,4.0,9.0,19.0,99035.0,1643.0,4303.5
0.0,3.0,102.0,7157.0,0.0,0.0,11.0,39.0,64885.0,1755.0,3578.5
8.0,4.0,128.0,2232.0,0.0,3.0,5.0,6.0,55719.0,4245.0,1116.0
5.0,1.0,136.0,7652.0,0.0,2.0,4.0,3.0,84285.0,2029.0,3826.0
7.0,3.0,125.0,8270.0,0.0,3.0,2.0,7.0,91675.0,6377.0,4135.0
6.0,4.0,161.0,7776.0,0.0,1.0,1.0,49.0,33671.0,4108.0,3888.0
4.0,1.0,170.0,8934.0,0.0,3.0,1.0,17.0,16521.0,4267.0,4467.0
2.0,4.0,118.0,1081.0,0.0,5.0,6.0,6.0,40524.0,5041.0,540.5
7.0,2.0,14.0,3876.0,0.0,2.0,8.0,44.0,2315.0,4058.0,1938.0
1.0,4.0,13.0,8354.0,0.0,4.0,4.0,14.0,13426.0,8083.0,4177.0
5.0,1.0,48.0,5936.0,0.0,0.0,11.0,0.0,93642.0,6196.0,2968.0
7.0,1.0,154.0,9990.0,0.0,0.0,11.0,2.0,44394.0,8039.0,4995.0
9.0,3.0,121.0,3165.0,0.0,0.0,9.0,9.0,47949.0,6403.0,1582.5
8.0,4.0,39.0,1859.0,0.0,4.0,2.0,21.0,82050.0,7567.0,929.5
2.0,1.0,104.0,9616.0,0.0,4.0,8.0,30.0,17579.0,7780.0,4808.0
8.0,4.0,126.0,1269.0,0.0,1.0,4.0,12.0,96047.0,1965.0,634.5
2.0,4.0,131.0,8296.0,0.0,3.0,11.0,29.0,89486.0,7465.0,4148.0
6.0,4.0,116.0,9302.0,0.0,3.0,11.0,27.0,57717.0,954.0,4651.0
2.0,1.0,195.0,8878.0,0.0,1.0,3.0,21.0,76238.0,2427.0,4439.0
5.0,0.0,167.0,5780.0,0.0,2.0,11.0,47.0,68570.0,2996.0,2890.0
6.0,4.0,72.0,3126.0,0.0,0.0,6.0,41.0,44114.0,5308.0,1563.0
5.0,1.0,172.0,4930.0,0.0,1.0,1.0,25.0,70608.0,1264.0,2465.0
4.0,2.0,175.0,3319.0,0.0,5.0,1.0,5.0,75725.0,8671.0,1659.5
5.0,3.0,82.0,4699.0,0.0,2.0,5.0,43.0,91851.0,5885.0,2349.5
9.0,3.0,105.0,9931.0,0.0,1.0,4.0,42.0,13884.0,4783.0,4965.5
6.0,3.0,84.0,3916.0,0.0,2.0,5.0,11.0,93096.0,370.0,1958.0
7.0,3.0,132.0,8730.0,0.0,4.0,11.0,15.0,61720.0,1391.0,4365.0
8.0,3.0,85.0,2487.0,0.0,2.0,4.0,46.0,86581.0,6098.0,1243.5
0.0,4.0,52.0,9820.0,0.0,2.0,2.0,49.0,60882.0,7598.0,4910.0
2.0,4.0,87.0,1100.0,0.0,2.0,9.0,13.0,23081.0,8816.0,550.0
3.0,1.0,178.0,4518.0,0.0,0.0,1.0,33.0,92211.0,7138.0,2259.0
0.0,1.0,74.0,6884.0,0.0,1.0,10.0,41.0,31543.0,8248.0,3442.0
5.0,1.0,15.0,6249.0,0.0,5.0,5.0,28.0,26772.0,6851.0,3124.5
2.0,3.0,66.0,2804.0,0.0,4.0,10.0,22.0,46055.0,4727.0,1402.0
8.0,1.0,126.0,8322.0,0.0,0.0,11.0,1.0,25269.0,9507.0,4161.0
2.0,1.0,76.0,3557.0,0.0,0.0,6.0,34.0,72112.0,6957.0,1778.5
3.0,1.0,152.0,6715.0,0.0,5.0,8.0,24.0,95446.0,5194.0,3357.5
3.0,2.0,39.0,6171.0,0.0,2.0,3.0,37.0,84208.0,8336.0,3085.5
3.0,3.0,47.0,8476.0,0.0,0.0,9.0,28.0,35693.0,5576.0,4238.0
6.0,4.0,192.0,6448.0,0.0,1.0,4.0,45.0,77873.0,9009.0,3224.0
2.0,3.0,19.0,4465.0,0.0,0.0,4.0,16.0,98398.0,8175.0,2232.5
2.0,2.0,155.0,7231.0,0.0,5.0,11.0,19.0,19802.0,4287.0,3615.5
2.0,3.0,27.0,9328.0,0.0,1.0,7.0,29.0,29266.0,627.0,4664.0
8.0,2.0,101.0,5341.0,0.0,0.0,5.0,12.0,79303.0,5057.0,2670.5
6.0,0.0,123.0,2498.0,0.0,2.0,11.0,48.0,73218.0,4606.0,1249.0
0.0,1.0,71.0,8580.0,0.0,4.0,11.0,25.0,50867.0,1956.0,4290.0
5.0,3.0,39.0,7958.0,0.0,1.0,5.0,28.0,79464.0,3029.0,3979.0
2.0,2.0,183.0,8044.0,0.0,5.0,9.0,11.0,72839.0,9191.0,4022.0
1.0,3.0,169.0,9804.0,0.0,5.0,8.0,6.0,93270.0,1851.0,4902.0
4.0,3.0,26.0,6039.0,0.0,0.0,2.0,16.0,42154.0,1776.0,3019.5
7.0,0.0,18.0,7428.0,0.0,4.0,11.0,19.0,46059.0,6703.0,3714.0
0.0,2.0,118.0,1163.0,0.0,4.0,5.0,47.0,70543.0,9208.0,581.5
9.0,3.0,11.0,2429.0,0.0,5.0,2.0,17.0,22378.0,6120.0,1214.5
3.0,3.0,10.0,2866.0,0.0,1.0,5.0,8.0,29848.0,1764.0,1433.0
2.0,2.0,185.0,7357.0,0.0,1.0,9.0,30.0,83061.0,5166.0,3678.5
1.0,1.0,43.0,6363.0,0.0,4.0,4.0,43.0,22415.0,6418.0,3181.5
1.0,4.0,167.0,9596.0,0.0,1.0,3.0,43.0,51177.0,3594.0,4798.0
6.0,1.0,26.0,2563.0,0.0,2.0,5.0,17.0,6655.0,874.0,1281.5
3.0,2.0,121.0,4230.0,0.0,5.0,3.0,39.0,84217.0,1871.0,2115.0
6.0,3.0,30.0,1785.0,0.0,5.0,7.0,1.0,91431.0,4713.0,892.5
8.0,0.0,138.0,7080.0,0.0,3.0,9.0,11.0,21911.0,1896.0,3540.0
6.0,4.0,120.0,9970.0,0.0,5.0,1.0,10.0,38090.0,7405.0,4985.0
9.0,2.0,98.0,6370.0,0.0,4.0,7.0,21.0,44376.0,8707.0,3185.0
4.0,0.0,156.0,3830.0,0.0,0.0,6.0,20.0,93680.0,1519.0,1915.0
0.0,3.0,179.0,8858.0,0.0,0.0,9.0,3.0,70262.0,2817.0,4429.0
3.0,1.0,180.0,8223.0,0.0,2.0,1.0,19.0,87805.0,4487.0,4111.5
4.0,3.0,41.0,3585.0,0.0,5.0,6.0,40.0,43917.0,1239.0,1792.5
1.0,1.0,168.0,6327.0,0.0,4.0,2.0,33.0,78999.0,9717.0,3163.5
3.0,3.0,166.0,7558.0,0.0,5.0,9.0,31.0,27734.0,175.0,3779.0
1.0,2.0,87.0,2703.0,0.0,4.0,8.0,49.0,50529.0,4276.0,1351.5
1.0,0.0,123.0,3255.0,0.0,2.0,10.0,45.0,43137.0,1135.0,1627.5
8.0,1.0,133.0,4427.0,0.0,2.0,8.0,16.0,76142.0,8507.0,2213.5
2.0,1.0,13.0,3158.0,0.0,0.0,1.0,26.0,5644.0,2984.0,1579.0
0.0,3.0,96.0,7015.0,0.0,2.0,6.0,29.0,30325.0,760.0,3507.5
7.0,4.0,160.0,1497.0,0.0,0.0,11.0,6.0,68917.0,3946.0,748.5
5.0,3.0,194.0,2802.0,0.0,2.0,1.0,9.0,32929.0,2982.0,1401.0
8.0,4.0,78.0,5578.0,0.0,1.0,6.0,16.0,17470.0,81.0,2789.0
0.0,1.0,55.0,2473.0,0.0,3.0,8.0,24.0,95426.0,2373.0,1236.5
5.0,1.0,78.0,6694.0,0.0,4.0,1.0,48.0,28857.0,6537.0,3347.0
4.0,2.0,150.0,5772.0,0.0,2.0,10.0,1.0,31452.0,7504.0,2886.0
9.0,0.0,83.0,9432.0,0.0,4.0,8.0,21.0,66534.0,8351.0,4716.0
8.0,4.0,50.0,6862.0,0.0,4.0,4.0,10.0,10268.0,9707.0,3431.0
2.0,3.0,56.0,5105.0,0.0,1.0,11.0,5.0,90273.0,7915.0,2552.5
8.0,4.0,56.0,3153.0,0.0,1.0,3.0,20.0,33207.0,2394.0,1576.5
6.0,0.0,33.0,4382.0,0.0,1.0,11.0,39.0,72635.0,7182.0,2191.0
1.0,3.0,20.0,5505.0,0.0,0.0,1.0,13.0,9813.0,5215.0,2752.5
8.0,1.0,55.0,6420.0,0.0,1.0,3.0,21.0,42706.0,5375.0,3210.0
1.0,1.0,104.0,1973.0,0.0,3.0,1.0,37.0,42880.0,8696.0,986.5
5.0,3.0,11.0,7204.0,0.0,4.0,6.0,17.0,55122.0,6343.0,3602.0
5.0,1.0,155.0,7526.0,0.0,0.0,3.0,47.0,59096.0,9483.0,3763.0
2.0,4.0,41.0,8529.0,0.0,1.0,11.0,41.0,69219.0,7028.0,4264.5
8.0,1.0,163.0,3740.0,0.0,2.0,4.0,14.0,8977.0,1085.0,1870.0
7.0,0.0,49.0,4436.0,0.0,1.0,2.0,7.0,63017.0,7851.0,2218.0
8.0,3.0,138.0,7278.0,0.0,2.0,9.0,0.0,38495.0,1996.0,3639.0
1.0,0.0,187.0,6375.0,0.0,1.0,6.0,12.0,75658.0,8711.0,3187.5
9.0,2.0,179.0,2623.0,0.0,5.0,1.0,42.0,81103.0,9153.0,1311.5
5.0,0.0,105.0,1187.0,0.0,5.0,7.0,16.0,57742.0,3893.0,593.5
7.0,1.0,99.0,3789.0,0.0,0.0,2.0,49.0,29264.0,8486.0,1894.5
3.0,3.0,194.0,3343.0,0.0,5.0,6.0,34.0,57384.0,1918.0,1671.5
9.0,1.0,31.0,8279.0,0.0,2.0,8.0,27.0,18769.0,6730.0,4139.5
2.0,3.0,177.0,5294.0,0.0,0.0,1.0,44.0,40569.0,2467.0,2647.0
9.0,3.0,134.0,1953.0,0.0,3.0,5.0,47.0,13653.0,6814.0,976.5
4.0,0.0,18.0,6799.0,0.0,5.0,1.0,3.0,15635.0,8241.0,3399.5
0.0,3.0,48.0,5867.0,0.0,1.0,11.0,17.0,62776.0,4829.0,2933.5
3.0,4.0,184.0,3873.0,0.0,3.0,3.0,46.0,15354.0,4810.0,1936.5
9.0,4.0,118.0,6112.0,0.0,2.0,8.0,16.0,70556.0,6138.0,3056.0
8.0,4.0,18.0,7137.0,0.0,2.0,4.0,45.0,19889.0,4967.0,3568.5
2.0,0.0,157.0,5628.0,0.0,5.0,1.0,4.0,31150.0,9713.0,2814.0
1.0,4.0,169.0,7630.0,0.0,2.0,8.0,4.0,18756.0,2837.0,3815.0
0.0,1.0,159.0,3238.0,0.0,2.0,6.0,27.0,1487.0,1166.0,1619.0
2.0,4.0,61.0,4341.0,0.0,4.0,5.0,31.0,63673.0,9575.0,2170.5
3.0,1.0,97.0,6119.0,0.0,5.0,6.0,44.0,86156.0,6389.0,3059.5
0.0,3.0,111.0,9335.0,0.0,0.0,5.0,48.0,30822.0,7121.0,4667.5
8.0,2.0,110.0,8365.0,0.0,2.0,6.0,10.0,46731.0,7583.0,4182.5
7.0,0.0,48.0,4923.0,0.0,4.0,11.0,4.0,8657.0,578.0,2461.5
7.0,1.0,20.0,7142.0,0.0,1.0,2.0,27.0,28801.0,991.0,3571.0
9.0,4.0,44.0,4135.0,0.0,3.0,7.0,25.0,71917.0,4047.0,2067.5
3.0,1.0,65.0,8715.0,0.0,2.0,4.0,11.0,31993.0,9367.0,4357.5
6.0,2.0,12.0,3765.0,0.0,3.0,7.0,40.0,99205.0,7874.0,1882.5
7.0,0.0,173.0,1939.0,0.0,4.0,11.0,41.0,37223.0,8298.0,969.5
2.0,0.0,162.0,7152.0,0.0,0.0,11.0,27.0,38293.0,5731.0,3576.0
2.0,1.0,40.0,5332.0,0.0,4.0,5.0,24.0,14760.0,1289.0,2666.0
7.0,1.0,116.0,8765.0,0.0,0.0,2.0,2.0,82496.0,3840.0,4382.5
5.0,2.0,132.0,7581.0,0.0,1.0,11.0,25.0,11742.0,2707.0,3790.5
1.0,0.0,25.0,6909.0,0.0,0.0,8.0,27.0,20848.0,1503.0,3454.5
8.0,3.0,193.0,3441.0,0.0,1.0,4.0,34.0,26108.0,6628.0,1720.5
4.0,2.0,32.0,2792.0,0.0,4.0,11.0,13.0,52742.0,1019.0,1396.0
1.0,4.0,64.0,2005.0,0.0,1.0,6.0,36.0,50187.0,3563.0,1002.5
2.0,2.0,185.0,4336.0,0.0,2.0,10.0,10.0,67768.0,9751.0,2168.0
4.0,4.0,96.0,5071.0,0.0,2.0,2.0,12.0,57766.0,6179.0,2535.5
7.0,1.0,98.0,1758.0,0.0,1.0,6.0,22.0,10381.0,5815.0,879.0
9.0,2.0,27.0,4678.0,0.0,4.0,8.0,12.0,92161.0,3448.0,2339.0
6.0,1.0,83.0,1532.0,0.0,4.0,4.0,5.0,92935.0,731.0,766.0
9.0,0.0,35.0,9335.0,0.0,4.0,2.0,14.0,91567.0,3736.0,4667.5
4.0,4.0,170.0,6690.0,0.0,2.0,7.0,10.0,44568.0,146.0,3345.0
7.0,4.0,136.0,7780.0,0.0,3.0,1.0,4.0,41370.0,6394.0,3890.0
9.0,2.0,184.0,4693.0,0.0,0.0,8.0,33.0,60540.0,6708.0,2346.5
1.0,2.0,34.0,4786.0,0.0,0.0,7.0,14.0,49698.0,5118.0,2393.0
0.0,1.0,36.0,9777.0,0.0,2.0,1.0,33.0,91532.0,3661.0,4888.5
8.0,2.0,58.0,1795.0,0.0,0.0,2.0,15.0,27103.0,8352.0,897.5
8.0,3.0,99.0,1178.0,0.0,0.0,1.0,44.0,92086.0,450.0,589.0
6.0,1.0,107.0,1110.0,0.0,5.0,10.0,28.0,52657.0,6879.0,555.0
8.0,4.0,33.0,6164.0,0.0,3.0,5.0,13.0,82998.0,6913.0,3082.0
2.0,3.0,19.0,3504.0,0.0,2.0,4.0,49.0,69306.0,4234.0,1752.0
9.0,3.0,50.0,3379.0,0.0,4.0,7.0,46.0,15894.0,5238.0,1689.5
0.0,0.0,63.0,6145.0,0.0,1.0,4.0,5.0,57172.0,1014.0,3072.5
9.0,2.0,117.0,8507.0,0.0,2.0,7.0,27.0,56141.0,823.0,4253.5
8.0,2.0,12.0,7067.0,0.0,1.0,2.0,23.0,45799.0,7760.0,3533.5
8.0,1.0,189.0,2845.0,0.0,0.0,5.0,31.0,7723.0,1580.0,1422.5
5.0,1.0,107.0,9663.0,0.0,0.0,4.0,13.0,41219.0,6447.0,4831.5
9.0,1.0,123.0,4387.0,0.0,1.0,10.0,33.0,63985.0,4390.0,2193.5
4.0,0.0,45.0,8145.0,0.0,0.0,3.0,24.0,62042.0,3157.0,4072.5
4.0,4.0,149.0,6451.0,0.0,0.0,6.0,47.0,58539.0,1523.0,3225.5
0.0,0.0,191.0,9003.0,0.0,4.0,7.0,32.0,77257.0,7029.0,4501.5
7.0,2.0,80.0,8094.0,0.0,5.0,5.0,45.0,1903.0,4347.0,4047.0
8.0,3.0,195.0,3072.0,0.0,1.0,5.0,0.0,74068.0,4504.0,1536.0
2.0,2.0,131.0,6076.0,0.0,1.0,9.0,15.0,44995.0,846.0,3038.0
9.0,2.0,113.0,3136.0,0.0,0.0,1.0,41.0,95879.0,4498.0,1568.0
0.0,1.0,89.0,4703.0,0.0,4.0,3.0,27.0,57427.0,6017.0,2351.5
5.0,2.0,155.0,5508.0,0.0,5.0,4.0,30.0,17324.0,3834.0,2754.0
8.0,2.0,16.0,9981.0,0.0,4.0,2.0,20.0,86747.0,2908.0,4990.5
1.0,1.0,96.0,6007.0,0.0,5.0,3.0,32.0,68482.0,941.0,3003.5
3.0,4.0,100.0,5536.0,0.0,4.0,9.0,49.0,31194.0,5065.0,2768.0
6.0,0.0,53.0,8753.0,0.0,5.0,9.0,7.0,5618.0,7910.0,4376.5
7.0,1.0,118.0,4515.0,0.0,4.0,11.0,36.0,98084.0,292.0,2257.5
7.0,2.0,29.0,2257.0,0.0,3.0,3.0,47.0,79959.0,1599.0,1128.5
4.0,0.0,191.0,8440.0,0.0,5.0,2.0,43.0,69898.0,2306.0,4220.0
2.0,0.0,196.0,2079.0,0.0,2.0,11.0,49.0,57723.0,9726.0,1039.5
8.0,2.0,31.0,6207.0,0.0,2.0,11.0,26.0,18671.0,6121.0,3103.5
5.0,3.0,28.0,6446.0,0.0,0.0,4.0,39.0,62245.0,9317.0,3223.0
6.0,1.0,126.0,5689.0,0.0,3.0,7.0,32.0,36566.0,4978.0,2844.5
5.0,0.0,78.0,2580.0,0.0,1.0,6.0,18.0,96505.0,88.0,1290.0
4.0,1.0,133.0,2366.0,0.0,5.0,9.0,8.0,81317.0,456.0,1183.0
8.0,1.0,45.0,7207.0,0.0,4.0,11.0,16.0,26390.0,7448.0,3603.5
7.0,2.0,40.0,5869.0,0.0,3.0,5.0,23.0,8921.0,1500.0,2934.5
3.0,0.0,105.0,9693.0,0.0,0.0,10.0,16.0,2138.0,1418.0,4846.5
6.0,0.0,166.0,5259.0,0.0,2.0,3.0,23.0,51586.0,540.0,2629.5
2.0,0.0,55.0,8756.0,0.0,0.0,5.0,27.0,47710.0,7992.0,4378.0
8.0,0.0,121.0,9218.0,0.0,1.0,4.0,48.0,35708.0,9526.0,4609.0
9.0,4.0,95.0,3603.0,0.0,0.0,7.0,34.0,62748.0,4317.0,1801.5
1.0,1.0,96.0,9540.0,0.0,1.0,11.0,21.0,4142.0,7780.0,4770.0
9.0,1.0,102.0,7644.0,0.0,2.0,2.0,16.0,42285.0,79.0,3822.0
2.0,3.0,161.0,5810.0,0.0,0.0,9.0,8.0,66498.0,1571.0,2905.0
0.0,2.0,127.0,6757.0,0.0,1.0,2.0,23.0,55288.0,5016.0,3378.5
2.0,2.0,101.0,7838.0,0.0,0.0,8.0,12.0,3040.0,1919.0,3919.0
7.0,4.0,192.0,8112.0,0.0,4.0,4.0,11.0,54128.0,8814.0,4056.0
6.0,0.0,189.0,3515.0,0.0,1.0,3.0,14.0,14472.0,2078.0,1757.5
8.0,4.0,155.0,5154.0,0.0,3.0,7.0,39.0,81469.0,3864.0,2577.0
8.0,3.0,109.0,3706.0,0.0,0.0,2.0,16.0,33669.0,1031.0,1853.0
8.0,3.0,49.0,5432.0,0.0,5.0,8.0,17.0,69835.0,3273.0,2716.0
4.0,4.0,38.0,5779.0,0.0,2.0,8.0,15.0,82872.0,5764.0,2889.5
2.0,3.0,132.0,1634.0,0.0,5.0,5.0,7.0,76084.0,1662.0,817.0
6.0,3.0,171.0,7926.0,0.0,4.0,9.0,22.0,18481.0,8910.0,3963.0
6.0,1.0,178.0,9189.0,0.0,4.0,4.0,16.0,60311.0,5633.0,4594.5
6.0,1.0,152.0,4898.0,0.0,4.0,7.0,10.0,19548.0,3831.0,2449.0
9.0,3.0,186.0,9840.0,0.0,3.0,8.0,6.0,84073.0,8770.0,4920.0
3.0,3.0,58.0,3956.0,0.0,0.0,2.0,49.0,87121.0,8319.0,1978.0
8.0,2.0,168.0,8059.0,0.0,5.0,4.0,5.0,52897.0,7716.0,4029.5
0.0,2.0,156.0,7867.0,0.0,3.0,9.0,31.0,58114.0,1828.0,3933.5
7.0,4.0,121.0,9533.0,0.0,1.0,3.0,18.0,38266.0,3662.0,4766.5
5.0,3.0,195.0,7608.0,0.0,4.0,3.0,46.0,37123.0,6353.0,3804.0
4.0,3.0,49.0,6827.0,0.0,1.0,7.0,27.0,68708.0,2460.0,3413.5
7.0,2.0,22.0,1422.0,0.0,2.0,5.0,46.0,93784.0,257.0,711.0
0.0,3.0,97.0,1200.0,0.0,4.0,8.0,30.0,57820.0,8153.0,600.0
3.0,1.0,183.0,2325.0,0.0,5.0,7.0,15.0,44602.0,7057.0,1162.5
2.0,4.0,135.0,4235.0,0.0,2.0,11.0,45.0,2573.0,4992.0,2117.5
7.0,1.0,160.0,4468.0,0.0,1.0,5.0,27.0,31940.0,1260.0,2234.0
6.0,1.0,196.0,9810.0,0.0,4.0,7.0,19.0,46120.0,6858.0,4905.0
7.0,3.0,22.0,1102.0,0.0,1.0,4.0,31.0,56791.0,9602.0,551.0
3.0,2.0,61.0,7665.0,0.0,0.0,1.0,44.0,36182.0,3715.0,3832.5
3.0,1.0,76.0,4308.0,0.0,5.0,6.0,41.0,22213.0,9874.0,2154.0
2.0,0.0,163.0,8387.0,0.0,0.0,7.0,33.0,29048.0,6181.0,4193.5
5.0,3.0,64.0,6063.0,0.0,2.0,11.0,4.0,67155.0,2722.0,3031.5
8.0,1.0,152.0,6617.0,0.0,3.0,7.0,36.0,23386.0,2759.0,3308.5
8.0,1.0,25.0,6031.0,0.0,5.0,9.0,48.0,63027.0,4172.0,3015.5
2.0,3.0,182.0,9459.0,0.0,2.0,4.0,25.0,56668.0,566.0,4729.5
3.0,4.0,189.0,2739.0,0.0,5.0,9.0,24.0,3127.0,684.0,1369.5
7.0,0.0,139.0,2948.0,0.0,3.0,1.0,22.0,44998.0,4232.0,1474.0
3.0,0.0,69.0,6113.0,0.0,3.0,5.0,11.0,80053.0,5061.0,3056.5
8.0,3.0,189.0,4933.0,0.0,1.0,3.0,7.0,97998.0,9555.0,2466.5
1.0,2.0,29.0,9286.0,0.0,4.0,10.0,37.0,84803.0,8256.0,4643.0
9.0,2.0,171.0,6965.0,0.0,2.0,1.0,8.0,32385.0,6895.0,3482.5
9.0,0.0,59.0,6042.0,0.0,3.0,3.0,4.0,14300.0,7920.0,3021.0
3.0,4.0,12.0,4028.0,0.0,3.0,11.0,49.0,71129.0,2525.0,2014.0
1.0,1.0,183.0,3904.0,0.0,1.0,10.0,0.0,23942.0,8481.0,1952.0
2.0,0.0,108.0,5628.0,0.0,3.0,6.0,19.0,86756.0,7576.0,2814.0
9.0,2.0,13.0,6576.0,0.0,0.0,8.0,1.0,28715.0,2042.0,3288.0
1.0,4.0,54.0,1421.0,0.0,1.0,7.0,46.0,59323.0,5761.0,710.5
9.0,0.0,185.0,6679.0,0.0,3.0,6.0,10.0,12260.0,2597.0,3339.5
6.0,0.0,192.0,1624.0,0.0,5.0,11.0,16.0,72345.0,1752.0,812.0
