user_id,Vanilla,Chocolate,White Chocolate,Strawberry,Mint,Banana,Coffee,Salted Caramel,Pistachio,Raspberry,Coconut,Birthday Cake
1,0,0,1,1,0,1,0,0,0,1,0,0
2,0,0,0,0,1,0,1,0,1,0,0,0
3,0,1,0,0,0,0,0,0,0,0,1,1
4,0,0,0,1,1,0,0,0,0,0,0,0
5,0,0,1,0,1,1,1,1,0,0,0,0
6,1,0,0,0,0,0,1,0,1,1,0,0
7,1,0,1,0,0,0,0,0,0,0,0,0
8,0,0,0,1,0,0,0,0,1,0,1,0
9,0,0,0,0,1,1,0,0,0,0,0,1
10,0,0,0,0,0,0,0,0,0,0,0,0
11,0,1,1,1,1,0,1,0,1,1,0,0
12,0,0,1,1,0,1,1,1,0,1,0,0
13,1,1,0,0,0,1,1,0,0,0,0,0
14,0,1,1,0,0,1,0,1,0,0,0,0
15,0,0,1,0,0,0,0,0,0,0,1,0
16,0,0,0,1,0,1,0,1,0,0,0,0
17,1,0,0,0,0,0,0,0,0,0,1,0
18,1,0,0,0,1,0,1,0,0,1,0,0
19,0,1,0,1,1,1,0,1,0,1,1,0
20,0,0,0,1,0,1,0,1,1,0,1,1
21,0,1,1,1,0,0,0,1,1,1,0,0
22,0,0,1,1,0,1,0,0,1,0,1,0
23,0,0,1,1,1,0,0,0,1,1,0,1
24,0,1,0,0,0,1,0,1,0,0,0,0
25,0,0,0,0,1,1,1,1,1,0,1,0
26,0,0,1,0,0,0,0,0,0,1,0,0
27,0,1,1,0,0,0,0,0,0,0,0,0
28,0,0,0,1,1,0,0,1,0,0,1,1
29,0,0,0,0,0,1,0,1,0,1,0,0
30,1,0,0,0,1,1,0,0,0,0,1,1
31,0,1,1,0,0,0,1,0,1,0,1,1
32,1,0,0,1,0,0,1,1,0,0,0,0
33,0,0,0,0,0,1,0,0,0,1,0,1
34,1,0,1,0,0,1,1,1,1,0,1,1
35,0,1,0,0,0,0,1,1,1,0,0,0
36,1,0,0,0,0,0,0,0,0,0,0,1
37,1,1,1,1,0,0,0,0,1,1,1,1
38,0,0,1,0,1,0,0,0,0,0,0,1
39,0,1,0,0,1,1,0,0,0,1,1,0
40,0,0,0,0,0,0,1,0,1,0,0,0
41,1,1,0,1,0,0,1,1,0,1,0,0
42,1,1,0,0,1,0,1,0,0,0,0,0
43,0,1,0,0,0,0,0,0,1,0,1,0
44,0,0,0,1,0,1,0,0,1,1,1,0
45,0,0,0,0,0,1,1,1,1,1,0,1
46,0,0,1,0,0,1,0,0,0,0,0,1
47,1,0,1,1,0,1,0,1,1,0,1,0
48,1,1,0,1,0,1,0,0,0,1,0,0
49,0,0,1,0,1,0,0,0,0,0,1,0
50,0,0,0,1,0,0,0,1,0,1,1,1
51,0,1,1,0,1,0,0,1,1,0,0,0
52,0,0,1,0,0,0,0,1,0,0,1,0
53,1,1,1,0,0,0,0,0,0,0,0,0
54,0,0,1,0,1,0,0,0,0,0,1,0
55,0,0,0,1,0,1,0,0,1,0,0,1
56,1,1,0,1,1,0,0,1,1,1,0,1
57,0,0,0,1,0,1,0,0,0,1,0,1
58,1,0,1,0,0,1,1,0,0,0,1,0
59,0,1,0,1,0,1,1,0,1,0,0,0
60,0,1,1,1,1,0,0,0,0,1,0,1
61,1,0,1,1,0,1,0,0,0,0,1,0
62,0,0,0,0,0,0,0,1,0,1,0,0
63,1,0,0,1,0,1,1,0,1,0,0,0
64,0,0,0,0,1,0,0,1,0,0,0,0
65,0,0,0,1,0,0,0,0,0,0,1,0
66,0,0,0,1,0,0,0,0,1,0,0,0
67,0,1,0,1,1,0,0,1,0,1,0,1
68,0,0,0,0,1,0,1,0,1,1,0,0
69,0,1,0,0,1,1,0,0,1,0,1,0
70,0,0,0,0,0,1,1,0,0,0,0,1
71,0,0,1,0,0,0,1,0,1,0,1,0
72,0,0,0,0,0,0,0,0,0,0,0,0
73,0,0,1,0,0,1,0,0,0,0,0,0
74,0,1,0,0,0,0,0,0,0,0,0,0
75,0,0,0,0,0,0,0,0,1,0,0,1
76,1,0,0,0,0,0,0,0,0,1,1,0
77,0,0,1,0,1,0,1,0,1,1,0,0
78,1,0,0,0,0,0,0,0,1,0,0,1
79,1,0,0,0,1,0,0,1,0,0,1,1
80,0,0,1,0,0,0,0,0,0,0,1,1
81,1,0,1,0,0,0,1,0,1,0,1,0
82,0,1,1,1,0,1,0,0,1,0,0,1
83,0,0,0,0,1,0,0,0,0,0,1,0
84,0,0,0,1,1,0,0,0,0,0,1,0
85,1,0,0,1,0,0,0,0,0,0,1,0
86,0,0,0,0,0,1,0,0,0,0,0,0
87,0,1,0,1,1,0,0,0,0,0,0,0
88,0,0,0,0,0,0,1,1,0,1,1,0
89,0,0,0,0,0,0,0,0,0,0,1,0
90,0,0,1,0,0,1,0,0,0,0,0,0
91,0,1,0,1,0,0,0,0,0,1,1,0
92,0,0,0,0,0,0,0,0,0,0,0,0
93,0,0,0,0,0,0,0,0,1,0,0,1
94,0,0,0,0,1,0,0,1,0,1,0,0
95,0,0,0,0,0,1,0,1,0,0,1,1
96,1,0,0,0,0,1,0,1,0,0,0,0
97,0,0,1,0,0,1,1,0,1,1,0,0
98,0,0,1,0,1,0,0,0,0,0,0,0
99,1,1,0,1,1,0,0,0,0,1,0,0
100,0,1,0,1,1,1,0,0,0,0,0,1
101,0,0,1,1,0,0,1,0,1,0,0,1
102,1,1,0,0,1,1,0,0,0,1,1,1
103,1,1,1,1,1,1,1,1,0,0,0,1
104,0,0,0,1,0,0,1,1,0,1,1,1
105,0,1,0,1,0,0,1,0,0,1,0,0
106,0,1,0,1,1,0,0,0,0,0,1,1
107,0,0,1,0,1,0,0,0,0,0,0,0
108,1,1,0,0,1,0,0,0,1,1,0,0
109,0,0,1,1,0,0,0,0,0,1,0,0
110,0,0,0,0,0,0,0,0,0,1,1,0
111,1,0,0,0,1,1,0,1,0,1,0,0
112,0,0,0,1,0,1,0,0,1,0,0,0
113,1,0,1,0,0,1,1,0,1,0,0,0
114,1,1,1,0,1,0,0,0,1,0,0,0
115,0,1,1,1,0,0,1,0,0,0,0,0
116,0,1,0,0,0,0,1,1,0,0,1,1
117,1,1,0,0,0,0,0,0,1,0,0,0
118,0,0,0,0,1,0,1,0,0,1,1,1
119,1,1,0,1,0,1,0,1,1,0,1,0
120,0,0,0,1,1,0,0,1,0,0,0,1
121,1,0,1,0,0,0,0,0,1,1,0,0
122,0,0,1,0,1,0,0,1,1,0,0,0
123,0,0,0,0,0,0,0,0,0,0,0,1
124,0,1,1,1,0,0,0,0,1,0,1,1
125,0,0,0,0,0,1,1,1,0,1,1,0
126,0,1,0,0,0,0,1,0,0,0,1,0
127,0,1,1,0,0,0,0,0,1,0,0,0
128,0,0,1,1,0,0,0,0,0,1,0,0
129,1,0,0,0,1,0,0,0,0,0,0,0
130,0,1,0,0,0,1,1,1,1,1,1,0
131,0,0,0,0,1,0,1,1,0,0,1,0
132,1,0,1,0,0,1,1,0,0,0,1,0
133,0,0,1,1,0,0,0,0,0,1,0,0
134,1,0,0,0,0,1,0,0,1,0,1,0
135,1,0,1,1,1,0,1,0,1,1,1,0
136,0,0,0,1,0,0,1,0,0,1,0,0
137,0,0,1,0,0,1,1,0,0,0,0,0
138,0,0,0,0,1,0,1,0,0,1,0,1
139,0,0,0,1,0,1,0,1,0,1,1,0
140,0,1,0,0,0,0,0,0,1,1,1,0
141,1,1,1,0,0,0,0,0,1,0,1,0
142,1,0,0,0,0,0,0,0,0,0,1,0
143,1,0,0,0,0,0,0,1,1,0,0,0
144,1,0,0,0,0,1,0,0,1,0,0,0
145,1,1,0,0,0,0,0,1,0,0,0,1
146,0,0,0,1,1,0,0,0,0,0,0,1
147,1,0,1,1,1,0,0,0,1,0,0,0
148,0,0,0,0,0,1,0,0,1,1,0,0
149,1,1,1,1,1,1,1,1,0,1,0,0
150,0,0,1,0,1,1,1,0,1,0,0,0
151,0,0,1,1,0,0,0,0,0,1,0,0
152,1,0,1,0,0,0,0,1,0,0,0,0
153,0,0,0,0,1,0,1,0,0,0,0,0
154,0,1,1,0,0,1,1,0,0,1,1,1
155,0,0,0,1,1,1,0,0,0,1,1,0
156,1,0,1,0,0,1,0,1,0,1,1,0
157,0,1,1,0,0,1,0,1,1,1,0,0
158,1,0,0,0,1,0,0,0,0,0,0,0
159,0,1,0,1,1,0,0,1,1,0,0,0
160,0,1,1,0,0,0,0,1,0,1,0,0
161,0,0,0,0,0,0,1,0,0,0,1,0
162,1,0,0,0,1,0,0,1,0,1,1,1
163,0,0,1,1,0,0,1,1,0,0,0,1
164,0,0,0,1,1,0,0,0,1,0,1,0
165,0,0,0,1,1,0,0,1,0,0,0,0
166,0,0,1,1,0,0,1,0,0,1,0,0
167,0,0,0,1,0,0,0,0,1,0,0,0
168,0,0,0,0,0,1,0,0,0,0,0,0
169,0,0,0,0,0,0,1,1,0,0,1,1
170,1,0,0,1,1,0,0,1,1,0,0,0
171,0,0,0,1,0,0,1,0,1,0,0,0
172,0,1,0,1,0,1,0,0,0,0,0,0
173,1,1,0,0,0,0,0,0,0,0,0,0
174,0,0,0,1,1,0,0,1,1,0,0,0
175,0,1,0,0,0,0,1,0,1,1,0,1
176,1,0,0,1,0,1,1,1,1,0,1,0
177,0,1,0,0,0,0,0,1,0,1,1,0
178,1,0,0,0,0,0,0,0,0,1,0,1
179,0,1,1,0,0,1,0,1,0,0,0,0
180,0,0,1,0,0,0,1,0,1,0,1,0
181,0,1,1,0,1,0,1,0,0,0,0,0
182,0,1,0,1,0,1,0,0,1,1,1,0
183,0,0,0,1,0,1,0,0,0,0,0,0
184,0,0,0,1,0,0,0,0,1,1,1,0
185,0,0,1,0,0,0,0,0,0,0,0,1
186,1,0,1,0,0,0,0,0,0,0,0,0
187,0,0,0,0,0,0,0,0,1,0,0,0
188,1,0,0,0,0,0,1,0,0,1,1,0
189,0,1,0,0,1,0,1,0,0,0,1,0
190,0,0,0,0,1,0,0,0,0,0,0,1
191,0,0,0,0,0,0,1,0,0,0,1,1
192,0,0,0,0,1,0,0,0,1,0,0,1
193,0,0,0,1,0,0,1,0,0,1,0,0
194,0,0,0,0,0,0,0,1,1,1,0,1
195,1,1,0,0,1,0,1,0,0,0,1,0
196,0,1,0,0,0,0,1,0,1,0,0,0
197,0,0,0,0,0,0,0,0,0,0,0,0
198,0,1,0,0,0,0,0,0,1,0,0,0
199,1,0,1,1,0,1,1,0,0,0,0,0
200,1,0,0,0,0,0,0,0,0,1,0,0
201,0,0,1,1,0,1,0,0,0,0,0,1
202,0,0,1,0,0,0,0,0,1,0,0,0
203,1,0,1,0,0,1,0,1,0,1,0,0
204,0,0,1,0,0,0,0,1,0,0,0,1
205,0,1,1,0,0,1,0,0,1,0,0,1
206,1,1,0,1,0,1,1,0,1,1,0,1
207,0,0,1,0,0,0,0,0,0,0,1,1
208,0,0,0,1,0,0,1,0,0,0,1,0
209,1,0,0,0,1,0,0,0,0,0,0,1
210,0,0,0,0,1,0,0,0,1,1,0,0
211,0,0,0,0,0,1,0,1,0,1,0,0
212,0,0,0,1,0,1,0,0,1,0,1,1
213,0,0,0,0,1,0,0,0,0,1,1,0
214,0,1,0,0,1,0,0,0,0,1,0,1
215,1,0,1,0,1,1,1,0,0,0,1,0
216,0,0,0,1,0,0,0,1,1,1,0,0
217,0,0,1,0,0,0,0,0,1,1,0,1
218,0,0,0,0,0,0,1,0,0,1,1,0
219,0,0,0,0,0,0,0,1,0,0,1,1
220,0,0,0,1,0,0,1,0,0,0,1,1
221,1,0,0,0,1,0,0,0,0,0,0,0
222,0,1,0,1,0,0,0,1,1,0,0,1
223,1,1,0,1,0,1,0,0,1,0,1,1
224,0,0,1,0,0,1,1,0,0,1,0,0
225,0,0,1,1,1,1,1,0,0,0,0,0
226,1,1,0,0,0,0,0,0,1,1,0,0
227,0,0,0,0,1,0,0,0,1,0,0,0
228,1,0,0,1,0,0,1,0,1,0,1,0
229,0,1,0,0,0,0,0,1,0,1,1,0
230,0,0,0,0,1,1,0,0,1,1,1,0
231,1,1,0,1,0,0,0,0,0,0,0,0
232,1,0,0,0,0,0,0,0,0,0,0,0
233,1,0,1,0,1,0,0,0,1,1,0,0
234,0,1,0,1,1,1,1,0,0,0,0,1
235,1,0,1,1,1,0,0,0,1,0,1,0
236,0,0,0,1,1,0,1,0,1,0,0,0
237,0,0,1,1,0,0,0,0,1,0,0,0
238,0,0,0,0,1,0,1,0,0,1,0,0
239,0,1,0,0,1,0,0,0,0,0,1,0
240,1,1,1,1,1,1,1,0,0,1,0,1
241,0,0,0,0,0,0,1,0,0,1,0,1
242,0,0,0,1,0,0,0,1,1,0,1,0
243,0,0,1,1,0,0,0,0,0,1,0,0
244,1,1,0,0,1,0,0,1,0,0,0,0
245,1,0,0,1,1,0,1,1,1,0,0,0
246,0,1,0,1,1,0,0,1,0,0,0,0
247,0,1,0,0,0,0,0,0,1,0,1,0
248,1,1,1,1,1,0,0,0,0,1,1,1
249,1,0,0,0,0,0,0,0,0,0,0,0
250,1,0,0,1,0,0,0,1,0,0,0,0
251,0,0,0,0,0,0,0,0,0,0,0,0
252,1,0,0,1,0,0,0,0,0,1,0,0
253,1,0,0,1,1,1,1,0,1,0,0,1
254,0,0,0,1,0,0,0,0,1,1,0,0
255,0,1,0,1,1,0,0,1,0,0,0,0
256,0,0,0,1,0,0,1,0,1,0,1,0
257,0,1,1,1,0,0,0,0,0,1,1,0
258,1,1,0,1,0,1,0,0,1,0,0,0
259,1,0,0,0,0,1,1,1,0,0,1,1
260,1,0,1,0,0,0,0,0,0,1,1,1
261,0,0,1,0,0,1,0,0,0,1,0,0
262,0,0,0,0,0,0,0,1,0,1,0,0
263,0,0,0,0,0,1,0,0,1,0,0,0
264,1,1,0,0,0,0,0,1,0,0,0,0
265,0,0,0,0,0,0,0,0,0,0,0,1
266,1,0,1,0,0,1,1,0,0,1,0,1
267,0,0,0,1,0,1,0,1,1,0,0,0
268,0,0,0,0,1,0,1,1,0,1,0,0
269,0,0,1,0,1,0,1,0,0,1,0,0
270,0,0,1,0,0,1,1,1,1,0,0,0
271,1,1,0,0,0,0,0,0,0,0,0,1
272,1,1,1,1,0,1,0,1,1,0,1,0
273,0,1,0,1,0,0,0,0,0,0,1,1
274,0,0,1,1,0,0,1,0,0,0,0,0
275,0,0,0,0,1,0,0,1,0,1,1,1
276,1,0,1,0,1,0,1,0,0,0,0,0
277,0,0,1,1,1,1,1,0,0,1,1,1
278,0,1,0,1,0,1,1,1,0,0,0,0
279,0,0,0,0,0,0,0,0,0,1,1,0
280,1,0,0,0,1,0,0,0,1,1,1,0
281,0,0,0,0,1,1,0,0,0,0,0,1
282,0,1,0,0,1,1,0,0,0,0,1,1
283,1,0,0,1,0,0,0,0,0,0,0,1
284,1,1,0,1,1,0,1,0,0,0,1,0
285,1,0,1,0,0,1,1,0,0,0,1,0
286,1,0,1,1,0,0,1,0,0,0,1,1
287,0,0,0,0,0,1,0,0,1,0,0,1
288,0,1,0,1,0,1,1,0,0,0,0,1
289,1,1,0,0,1,0,0,0,0,1,1,1
290,0,0,0,0,1,1,0,0,0,0,0,0
291,0,0,0,0,1,0,1,1,1,0,0,0
292,1,1,1,0,1,0,0,0,0,0,1,0
293,1,0,1,0,0,0,0,0,0,1,1,0
294,1,1,1,0,0,1,1,1,0,0,0,1
295,0,0,1,0,0,0,0,1,0,1,0,0
296,1,0,1,1,0,0,0,0,0,0,1,0
297,1,0,0,1,1,0,0,1,0,0,0,0
298,0,0,1,0,0,0,0,0,0,0,0,0
299,0,1,1,0,1,1,1,1,1,0,0,1
300,1,0,1,1,0,1,0,0,1,0,1,0
301,0,1,0,0,0,1,0,1,0,0,0,1
302,0,0,0,0,0,0,0,0,1,0,0,0
303,0,0,0,0,1,0,0,1,0,0,0,1
304,0,0,1,1,1,0,1,0,0,0,0,1
305,0,0,1,0,0,1,0,1,1,0,1,0
306,0,1,0,0,1,0,1,0,0,1,1,1
307,1,0,0,0,0,1,0,0,1,0,0,1
308,0,0,0,0,0,0,0,1,0,1,0,0
309,0,1,0,1,0,0,0,0,1,0,0,0
310,0,0,1,1,1,0,0,1,0,0,0,1
311,0,0,1,1,1,0,1,0,0,0,0,1
312,1,0,0,1,1,0,1,1,0,1,0,0
313,0,0,0,0,0,0,1,0,0,1,0,1
314,1,0,0,1,1,1,0,1,0,1,1,0
315,1,0,0,1,0,0,1,0,0,0,0,0
316,0,0,0,0,0,1,1,1,1,1,0,1
317,0,0,0,0,1,0,0,0,0,0,0,0
318,1,0,0,0,0,1,0,0,0,1,1,1
319,0,1,0,0,0,0,0,0,0,1,0,0
320,0,0,1,0,0,1,0,0,1,0,1,1
321,1,0,0,1,0,0,1,1,0,0,1,0
322,1,0,1,1,1,0,0,1,0,1,1,1
323,0,0,1,0,1,0,0,1,0,0,0,0
324,0,1,1,0,0,1,0,0,0,1,1,1
325,0,0,1,1,0,0,0,0,1,0,0,0
326,0,0,0,0,0,0,1,1,1,0,0,0
327,0,0,0,0,0,1,1,0,1,0,0,0
328,0,0,1,1,0,1,1,0,0,0,0,0
329,0,0,0,0,0,0,1,0,1,0,1,0
330,0,1,1,0,1,0,0,1,0,0,0,0
331,0,0,0,1,0,0,0,0,0,1,0,0
332,0,1,0,1,1,0,0,1,0,0,0,1
333,1,0,0,0,1,0,1,0,0,1,0,1
334,0,0,0,0,0,0,0,1,0,0,1,0
335,1,1,0,0,0,0,0,1,0,0,0,1
336,1,1,0,0,1,0,1,1,0,1,1,0
337,0,1,0,0,0,0,0,0,0,0,0,0
338,0,0,0,1,0,1,1,0,1,1,0,0
339,1,0,1,1,1,1,0,0,0,0,0,0
340,0,1,0,0,0,0,1,0,0,0,0,0
341,0,0,0,1,0,0,0,0,0,0,1,1
342,1,0,0,0,0,0,0,0,1,0,0,0
343,0,1,0,0,1,1,0,0,0,1,0,0
344,1,1,0,1,0,0,1,1,1,0,1,1
345,0,1,0,1,1,0,1,0,0,0,1,1
346,0,1,1,0,0,0,0,0,0,0,0,0
347,1,0,1,1,0,0,0,0,0,0,0,1
348,1,0,0,1,0,0,1,0,0,1,1,0
349,0,1,0,0,1,0,1,1,1,0,1,0
350,1,0,0,0,1,0,0,0,0,0,0,0
351,1,0,0,0,0,0,0,0,1,0,1,0
352,0,0,0,0,0,1,0,1,1,0,0,1
353,0,1,1,0,0,0,1,0,0,1,0,1
354,1,1,0,0,0,0,1,1,1,0,0,0
355,0,1,0,1,0,0,1,0,1,0,1,0
356,1,0,0,0,0,0,0,1,0,1,0,1
357,0,0,0,1,0,0,0,1,1,0,0,0
358,0,0,0,0,0,1,0,0,0,1,0,0
359,0,0,0,0,0,0,0,0,1,0,0,0
360,0,1,0,1,0,1,0,0,0,0,0,0
361,0,1,0,0,1,1,0,0,0,1,1,0
362,0,0,1,0,0,0,0,1,0,0,0,0
363,0,1,0,0,0,1,0,0,1,0,0,1
364,0,1,0,1,1,1,0,0,0,1,0,0
365,1,0,1,1,0,0,1,0,0,1,0,0
366,0,1,0,1,1,0,0,0,0,0,0,0
367,0,1,0,1,0,0,0,1,0,0,0,1
368,0,0,0,1,0,0,1,1,0,0,0,1
369,1,0,0,0,1,0,0,0,0,1,1,0
370,0,1,1,0,0,0,1,1,0,0,1,1
371,0,0,0,0,0,0,0,0,1,1,1,0
372,0,0,0,1,1,1,0,0,0,0,1,1
373,0,1,0,0,0,0,0,0,0,0,0,0
374,1,0,0,1,0,0,0,1,1,1,0,0
375,0,0,0,0,0,1,1,0,1,0,1,0
376,1,0,0,0,1,0,0,0,1,0,1,0
377,0,0,0,1,1,1,0,0,1,0,0,0
378,0,0,0,1,0,1,1,1,1,1,0,0
379,0,1,0,0,1,0,0,0,0,0,0,1
380,1,0,1,0,0,1,1,0,0,1,1,0
381,0,0,0,0,0,0,1,1,1,0,0,1
382,1,1,0,1,0,0,0,0,0,0,0,1
383,1,0,0,0,0,0,0,1,1,1,0,0
384,0,0,1,0,0,1,1,0,0,0,0,0
385,1,1,0,0,1,0,1,0,0,1,0,1
386,0,0,1,0,0,0,0,0,0,0,0,0
387,0,0,0,0,0,0,0,1,1,0,1,1
388,0,1,1,0,1,1,0,0,0,1,1,0
389,0,0,1,0,1,0,0,0,1,1,0,1
390,1,1,0,1,0,0,1,0,0,0,0,0
391,1,0,0,0,0,0,0,1,1,0,0,1
392,0,0,0,1,1,0,0,0,0,0,0,1
393,0,0,0,0,1,0,0,0,0,1,0,1
394,0,1,0,0,1,0,1,0,1,0,0,0
395,0,0,0,0,0,0,1,1,0,1,0,1
396,0,0,1,1,0,0,1,1,0,1,0,0
397,1,0,0,1,1,0,0,0,1,0,1,0
398,0,1,0,1,0,1,1,0,0,0,0,0
399,0,1,1,0,0,1,0,0,0,0,0,0
400,1,0,1,1,1,0,1,1,0,0,1,0
401,0,0,0,1,1,0,0,0,0,0,1,1
402,0,1,0,0,0,1,1,1,1,0,0,1
403,0,0,0,1,1,1,1,1,1,1,0,0
404,0,0,0,0,1,0,0,1,0,1,0,1
405,0,1,0,0,0,1,1,1,1,0,0,0
406,1,0,0,1,0,0,0,1,0,1,1,1
407,1,0,0,0,0,1,0,0,1,0,1,1
408,1,0,0,0,0,0,0,0,0,0,1,0
409,0,0,1,0,1,0,0,0,1,1,0,1
410,0,1,0,1,1,0,0,0,0,0,0,0
411,0,0,1,0,1,1,1,0,0,0,0,1
412,1,0,0,0,0,1,0,0,1,1,1,0
413,1,0,0,0,0,0,1,0,1,0,0,1
414,0,0,0,0,0,1,0,0,1,1,1,0
415,0,1,0,0,0,0,0,0,1,0,0,0
416,0,1,0,0,0,0,1,0,1,0,0,0
417,0,1,0,1,0,0,0,0,0,0,0,1
418,0,0,0,1,0,0,0,0,1,1,0,1
419,1,0,0,0,0,0,0,1,0,0,0,1
420,0,0,1,1,1,1,0,1,0,0,0,0
421,0,1,1,0,1,0,1,0,0,0,0,1
422,0,1,0,0,0,0,1,0,0,1,1,0
423,0,0,0,1,0,0,1,0,1,0,1,0
424,0,0,0,0,0,0,1,0,0,0,0,0
425,1,0,0,1,0,0,0,1,0,0,0,0
426,1,0,1,0,0,1,0,0,0,0,1,0
427,1,1,0,1,0,1,1,0,0,1,1,0
428,0,0,0,0,0,0,0,0,1,0,1,1
429,0,1,0,0,0,0,0,1,0,0,1,0
430,0,0,0,0,1,0,1,0,0,0,1,0
431,1,0,0,0,1,0,1,0,0,0,0,0
432,0,0,0,1,0,1,0,1,0,0,1,0
433,0,1,1,0,1,0,0,1,0,0,1,0
434,1,1,1,0,0,0,1,0,0,1,1,0
435,0,0,0,1,0,0,0,1,0,1,0,0
436,1,0,1,1,0,0,0,0,0,0,0,0
437,1,0,0,1,0,0,0,1,0,0,0,1
438,1,0,1,0,1,0,1,0,0,0,0,1
439,0,1,0,0,0,0,1,0,0,0,1,1
440,0,1,0,0,0,0,0,0,1,0,1,1
441,1,0,1,0,0,0,0,0,1,0,1,0
442,0,1,1,1,1,0,0,0,0,1,1,0
443,0,0,0,1,1,1,1,0,0,1,0,1
444,1,0,0,1,0,0,0,0,1,1,0,0
445,0,0,1,0,1,1,0,0,0,0,1,0
446,0,1,1,0,0,0,0,0,0,1,0,0
447,0,1,0,0,1,0,0,0,0,0,0,1
448,0,0,0,0,0,1,0,1,0,0,0,1
449,0,0,0,0,1,0,0,1,0,0,1,0
450,0,0,1,0,0,0,0,1,0,0,1,0
451,0,0,1,0,1,1,0,1,0,0,0,0
452,0,1,1,0,0,0,0,1,0,0,0,0
453,0,0,0,0,0,0,0,0,0,1,0,0
454,1,0,0,0,1,0,1,0,0,0,1,0
455,0,0,0,0,0,0,0,0,0,1,0,0
456,1,1,0,0,0,0,0,0,0,1,0,0
457,1,0,0,0,0,1,0,1,1,0,1,0
458,1,0,0,1,1,1,0,1,0,0,1,1
459,0,1,0,0,0,1,0,1,1,0,0,0
460,0,0,0,0,1,0,0,0,1,0,1,1
461,0,0,1,0,0,1,1,1,0,0,0,0
462,0,1,1,0,1,1,0,0,1,0,1,1
463,0,0,0,1,0,0,0,0,0,0,1,0
464,0,0,0,1,0,0,0,1,0,0,0,0
465,1,1,1,1,0,0,0,1,1,0,0,0
466,1,0,0,0,0,0,0,0,0,0,0,0
467,0,1,1,1,0,1,1,0,0,0,0,1
468,0,0,1,0,1,0,1,1,0,0,0,0
469,1,0,1,0,0,0,1,1,0,1,0,0
470,0,0,0,0,1,1,0,1,0,0,0,0
471,0,0,0,0,1,0,0,0,0,0,0,0
472,0,1,0,1,1,0,0,0,0,0,0,0
473,0,0,1,0,1,0,0,0,0,1,0,1
474,1,0,0,1,1,0,0,1,0,0,0,0
475,1,1,0,0,1,0,0,1,0,0,0,0
476,0,0,1,0,1,0,0,0,0,0,0,0
477,1,1,1,1,0,1,0,0,0,1,0,0
478,1,0,0,0,0,0,1,0,0,1,1,1
479,0,0,1,1,1,0,0,0,0,0,0,0
480,0,1,1,0,0,1,0,1,0,0,0,0
481,0,0,0,0,1,1,1,0,0,0,0,0
482,0,1,0,0,0,1,0,0,0,1,0,0
483,0,0,1,0,0,0,0,0,0,0,0,0
484,1,0,0,1,0,0,0,1,1,0,0,0
485,0,0,0,1,0,1,0,0,0,0,0,1
486,0,1,1,0,0,0,0,0,1,0,0,0
487,0,1,0,0,0,0,0,0,0,0,0,1
488,0,0,1,0,0,1,1,1,1,1,0,0
489,0,0,0,0,0,0,0,1,0,1,1,1
490,1,0,0,0,1,0,1,0,0,0,0,0
491,0,0,1,0,0,0,0,0,0,1,0,0
492,0,0,0,0,1,0,0,1,1,1,0,0
493,0,0,0,1,0,0,0,0,1,1,0,0
494,0,0,0,1,0,1,0,1,1,0,0,0
495,0,0,0,0,1,0,1,1,1,1,1,0
496,1,0,1,0,1,1,1,1,1,0,0,1
497,1,1,0,0,1,0,1,1,1,0,0,1
498,0,0,0,0,1,0,1,0,0,0,0,1
499,0,0,0,0,0,0,1,0,0,0,0,0
500,1,0,0,0,1,0,0,0,0,0,1,0
501,0,0,0,1,0,1,0,1,1,0,1,0
502,0,0,1,0,0,1,0,0,0,0,0,0
503,0,0,0,1,0,0,1,0,0,0,0,1
504,0,1,0,0,1,0,0,1,0,0,1,0
505,0,0,0,0,0,0,0,1,1,1,0,0
506,1,0,0,0,1,0,0,0,0,0,0,0
507,0,0,0,0,1,0,0,0,1,0,0,0
508,1,1,0,0,0,0,0,0,0,0,1,1
509,0,1,0,0,0,0,1,0,1,0,1,0
510,0,0,1,0,0,0,0,0,1,0,1,1
511,0,1,1,0,0,0,0,0,1,1,0,0
512,0,1,0,0,0,1,0,1,0,1,0,0
513,0,1,0,1,0,1,0,1,1,0,0,0
514,1,0,0,0,1,0,0,0,1,0,0,1
515,0,1,0,1,1,0,0,1,0,0,0,1
516,0,1,1,1,1,0,0,0,0,0,1,0
517,0,0,0,1,0,0,0,0,0,0,1,0
518,0,0,0,0,0,1,1,0,0,1,0,1
519,0,0,0,0,0,1,1,0,0,0,1,0
520,0,1,0,1,0,0,0,1,1,0,1,0
521,0,0,0,0,0,1,0,0,0,0,0,1
522,0,0,0,0,0,0,1,0,0,0,1,0
523,1,1,0,0,0,1,0,0,0,1,0,1
524,0,1,0,1,0,0,0,1,0,0,0,0
525,0,0,0,0,0,1,1,0,1,1,0,0
526,1,1,0,1,0,0,1,1,1,1,1,0
527,1,0,0,0,0,1,0,0,0,0,0,0
528,0,0,1,0,0,0,1,0,1,1,0,0
529,0,1,1,1,1,1,0,0,0,0,1,0
530,0,1,0,1,0,0,1,0,1,1,1,1
531,0,0,0,0,0,1,1,1,0,0,1,0
532,1,0,1,1,1,1,0,0,1,1,0,0
533,0,1,1,0,1,0,0,0,0,0,0,0
534,0,1,0,0,1,0,0,1,1,1,0,0
535,0,0,1,0,1,1,0,0,0,0,1,1
536,0,0,0,0,1,0,0,0,0,0,0,0
537,1,1,0,1,1,0,0,0,0,0,0,1
538,0,0,0,0,0,0,1,0,1,0,1,0
539,0,0,0,0,0,0,0,0,0,0,1,1
540,1,1,1,0,0,1,1,1,1,0,0,1
541,0,1,0,0,0,0,1,1,0,0,0,1
542,0,1,0,0,0,1,0,0,0,0,1,1
543,0,1,0,0,1,0,1,0,0,0,0,1
544,0,0,1,0,0,0,0,0,1,0,0,0
545,0,0,0,0,0,1,1,0,1,1,0,0
546,1,0,0,1,0,1,0,1,0,1,0,0
547,0,0,0,0,0,0,1,0,0,1,0,0
548,1,1,1,0,0,0,0,0,0,0,0,0
549,1,0,1,1,0,0,0,0,0,0,0,0
550,1,1,0,0,0,0,0,0,0,0,1,0
551,0,0,1,0,0,0,0,1,0,0,1,0
552,0,0,0,0,0,0,0,0,0,1,1,1
553,0,1,1,1,0,0,1,0,0,1,0,0
554,0,1,0,0,1,0,0,0,0,0,0,1
555,0,1,1,1,1,1,1,0,0,1,1,1
556,1,0,1,0,1,0,0,1,0,1,0,1
557,0,0,1,0,1,0,0,1,1,0,0,0
558,0,1,0,0,1,0,0,0,1,0,0,0
559,1,0,0,0,1,0,0,0,1,0,0,0
560,0,0,1,0,0,0,0,0,0,0,0,1
561,1,0,0,0,0,1,0,0,0,0,1,0
562,0,0,1,0,0,0,0,0,0,0,0,0
563,0,1,0,1,0,1,0,1,0,0,0,0
564,1,0,1,1,0,0,0,0,0,0,0,0
565,0,0,0,1,0,0,0,0,0,0,0,1
566,0,1,0,1,0,0,0,0,0,0,0,0
567,1,0,0,0,0,0,0,0,0,0,1,0
568,1,0,1,0,0,0,0,0,1,1,0,0
569,0,1,1,1,1,1,0,1,0,0,0,0
570,0,1,0,0,0,0,1,0,0,0,1,1
571,1,0,1,0,1,1,0,0,0,1,0,1
572,1,0,1,0,0,0,0,1,1,0,1,0
573,1,1,1,1,1,0,0,1,0,1,1,1
574,1,0,0,0,0,0,1,1,0,0,1,0
575,0,0,0,0,0,0,1,0,0,0,0,0
576,1,1,1,0,1,1,1,1,0,1,0,0
577,0,0,0,1,0,0,0,0,0,0,0,0
578,0,0,1,0,0,1,1,0,1,0,1,1
579,0,0,1,0,0,1,0,0,1,0,0,0
580,1,0,1,1,0,1,1,1,1,0,0,0
581,1,1,0,0,0,1,1,0,1,0,0,0
582,0,0,0,1,0,0,1,0,1,0,0,0
583,1,1,0,0,1,0,1,0,1,0,0,1
584,1,1,0,0,1,1,1,0,0,0,0,0
585,0,1,1,0,0,0,0,0,0,0,0,0
586,0,1,1,0,0,0,0,0,0,1,0,0
587,1,0,1,0,0,1,1,1,0,0,0,0
588,0,0,0,0,1,0,0,0,0,1,0,0
589,0,1,0,0,0,0,0,1,0,0,0,0
590,0,0,1,0,1,1,0,0,0,1,0,0
591,1,1,0,0,0,1,1,0,0,0,1,1
592,0,1,1,1,1,0,1,1,0,1,0,0
593,0,1,1,0,0,1,1,0,0,0,1,0
594,1,0,1,0,1,1,0,1,1,0,0,0
595,1,0,0,0,1,0,0,0,0,0,1,0
596,0,0,0,0,0,1,1,0,0,0,0,0
597,0,0,1,1,0,0,0,0,0,0,0,1
598,0,1,0,0,1,0,0,0,1,0,0,1
599,1,1,0,0,0,1,1,0,0,0,0,0
600,0,1,0,0,1,0,0,1,0,0,0,0
601,0,0,0,0,0,0,1,1,0,0,0,0
602,0,0,0,1,0,0,1,1,1,0,0,1
603,1,0,1,0,1,0,0,0,0,1,0,0
604,0,0,0,0,1,0,0,0,1,0,0,0
605,0,1,1,0,1,1,1,0,1,0,1,1
606,0,1,0,0,1,0,0,1,1,0,1,1
607,0,0,0,0,0,1,1,0,0,1,0,0
608,0,0,0,1,0,0,0,0,1,1,1,0
609,0,0,0,1,0,0,1,0,1,0,0,1
610,0,0,0,0,0,1,0,1,1,1,0,0
611,0,0,0,0,0,0,0,0,0,0,0,1
612,0,0,0,0,1,1,1,1,0,0,0,0
613,1,0,0,1,0,0,0,1,0,0,0,0
614,0,0,0,0,1,1,0,1,0,1,0,0
615,0,1,0,0,0,0,1,0,1,0,1,0
616,1,1,0,0,0,0,1,1,1,0,1,0
617,0,0,1,0,0,0,0,0,1,0,0,0
618,1,0,0,0,1,0,0,0,1,0,1,0
619,1,0,0,0,0,0,0,0,0,1,0,0
620,0,0,1,0,0,0,1,0,1,1,0,0
621,1,0,0,0,1,0,0,0,0,1,1,1
622,0,1,1,0,0,1,0,0,1,1,1,0
623,0,1,1,0,0,0,0,1,1,1,1,0
624,1,0,1,0,0,0,1,0,0,1,1,0
625,0,0,0,1,1,0,1,0,1,1,1,1
626,1,0,1,0,0,0,0,1,0,0,1,0
627,0,0,1,1,0,0,1,0,0,1,0,0
628,0,0,0,0,0,0,1,0,1,0,0,0
629,0,1,1,0,0,1,1,0,0,1,1,1
630,0,1,0,0,0,0,1,1,0,0,0,1
631,0,0,1,0,0,0,0,0,0,0,0,1
632,1,0,0,0,0,0,0,0,1,1,0,0
633,0,1,0,0,1,0,1,1,1,0,0,0
634,1,0,1,1,0,1,0,1,1,1,0,0
635,0,0,0,0,0,1,1,1,0,0,1,0
636,0,1,1,0,1,0,0,1,0,1,0,1
637,0,1,1,0,0,1,0,0,0,0,0,0
638,0,0,0,1,1,0,1,1,0,0,0,1
639,1,1,1,1,0,0,1,0,0,0,0,0
640,0,0,0,0,0,1,0,0,1,0,0,0
641,1,0,0,0,1,0,0,1,0,0,0,0
642,0,0,0,1,1,0,1,1,0,1,0,0
643,0,0,0,0,1,0,0,1,1,1,0,0
644,0,0,0,0,0,0,0,0,1,1,0,1
645,1,1,0,0,1,1,1,0,1,0,0,1
646,1,1,1,0,0,1,1,1,0,0,0,0
647,1,0,0,1,0,1,0,1,1,0,0,0
648,1,1,0,1,0,0,0,0,0,1,0,0
649,1,0,1,0,0,0,0,0,0,0,1,1
650,0,1,1,0,1,0,1,1,0,1,0,0
651,0,0,1,0,0,0,1,0,1,0,0,1
652,1,0,0,0,0,0,0,1,0,1,0,1
653,0,1,1,1,1,1,1,0,1,0,1,1
654,0,0,1,0,0,0,0,0,1,1,1,0
655,0,0,0,1,1,1,0,0,0,0,1,0
656,0,0,0,1,0,0,1,0,0,0,0,1
657,1,0,0,0,1,0,0,0,0,0,0,0
658,0,1,0,0,0,0,0,0,0,0,0,1
659,1,1,1,0,0,0,0,0,0,0,1,0
660,1,0,0,1,0,0,0,0,1,0,1,0
661,1,0,1,0,0,0,0,1,0,0,0,0
662,0,0,0,1,1,1,1,1,1,0,0,0
663,0,1,1,1,0,0,0,1,1,0,0,1
664,0,0,0,1,0,0,0,0,1,1,0,0
665,1,0,0,0,0,0,0,1,1,0,1,0
666,1,1,0,1,0,0,0,0,0,0,0,0
667,0,0,0,0,0,1,0,0,1,0,0,1
668,0,0,0,1,1,0,0,0,0,0,0,0
669,0,1,0,1,0,1,0,1,0,0,1,1
670,0,0,1,0,0,0,0,0,0,0,0,0
671,1,0,1,0,0,0,0,0,1,1,0,0
672,0,1,1,1,1,1,0,1,0,1,1,0
673,0,1,1,1,0,1,1,0,0,0,1,0
674,1,0,0,0,1,1,1,1,0,1,0,0
675,1,0,1,1,0,0,0,0,1,0,0,0
676,0,0,1,0,1,0,1,0,0,1,1,1
677,1,1,0,1,1,0,1,1,1,0,1,1
678,1,1,0,0,0,0,0,0,0,1,1,0
679,0,0,0,0,0,0,0,0,1,0,1,1
680,1,0,1,0,0,0,0,0,0,0,1,0
681,0,0,1,0,0,1,0,1,0,0,0,0
682,1,0,0,0,0,0,1,0,0,0,0,0
683,0,0,1,0,1,0,0,0,0,0,0,0
684,0,0,0,0,0,0,1,0,0,0,1,1
685,0,1,0,1,1,1,1,0,1,0,1,0
686,0,0,0,0,0,0,1,1,0,1,0,0
687,0,0,1,1,0,0,0,1,1,0,0,1
688,1,0,0,0,1,1,0,0,0,0,1,0
689,0,0,1,1,0,1,0,0,0,0,0,0
690,0,0,0,1,0,1,0,0,0,0,0,0
691,1,1,1,0,0,0,0,0,1,0,1,0
692,0,1,0,0,1,0,0,1,0,0,0,0
693,0,0,1,0,0,0,0,1,0,1,0,0
694,0,0,1,0,0,1,0,0,1,1,0,0
695,0,0,1,1,0,0,0,1,1,0,0,0
696,0,0,0,1,0,0,0,1,0,0,1,0
697,0,0,0,1,0,0,1,0,0,1,0,0
698,0,0,1,1,1,1,0,0,0,1,0,0
699,0,1,0,1,0,0,0,0,0,1,1,0
700,0,0,1,0,1,0,1,1,1,0,0,0
701,1,0,0,1,0,0,0,1,0,0,0,0
702,0,0,1,0,0,0,0,0,0,0,0,1
703,0,0,0,0,1,0,1,0,0,0,0,1
704,1,0,1,0,0,0,1,0,0,0,0,0
705,1,0,0,1,1,1,1,0,0,1,0,0
706,0,1,1,0,1,0,0,0,0,0,0,0
707,0,0,0,0,0,1,0,0,0,1,0,1
708,0,0,0,0,0,1,0,0,1,1,1,0
709,0,0,1,0,1,1,0,0,1,0,1,1
710,1,0,0,1,1,0,0,0,1,0,1,1
711,0,0,1,1,1,1,0,0,1,0,1,0
712,1,0,0,1,0,0,0,1,0,0,1,0
713,0,0,0,0,0,0,1,1,1,1,1,0
714,0,0,1,1,1,0,1,0,0,0,0,0
715,0,0,0,1,0,0,0,0,0,1,1,0
716,1,0,1,0,1,1,0,0,0,0,0,1
717,0,0,0,0,1,1,1,0,0,0,1,0
718,0,0,0,0,1,1,0,1,1,0,0,0
719,0,0,0,0,0,0,1,0,0,0,1,0
720,0,1,0,0,0,1,1,1,0,0,1,0
721,0,0,1,0,0,0,0,1,0,1,0,0
722,0,1,0,0,0,0,0,1,0,0,0,0
723,0,1,0,0,1,0,0,0,0,1,1,1
724,0,0,0,0,1,0,0,0,1,1,0,0
725,0,0,0,1,1,0,0,1,0,0,0,0
726,1,1,1,0,1,0,0,0,1,0,1,0
727,1,0,1,1,0,0,0,0,1,0,1,1
728,0,0,0,0,1,0,0,0,0,0,0,0
729,0,1,0,0,1,0,1,0,0,0,0,0
730,1,1,0,1,1,0,1,0,1,0,0,1
731,0,0,0,0,0,1,0,1,1,0,1,0
732,0,1,0,0,0,1,1,0,0,0,0,0
733,1,1,0,0,0,1,0,0,0,0,0,1
734,0,0,0,0,1,0,0,0,0,1,0,0
735,0,0,1,1,0,0,1,0,1,0,1,1
736,0,1,0,0,1,0,1,1,1,1,0,0
737,0,0,0,0,0,0,0,1,1,0,1,0
738,0,1,0,0,0,0,1,1,1,0,0,1
739,0,0,1,1,0,1,0,0,0,0,0,0
740,1,1,0,0,0,1,0,0,0,1,0,0
741,0,0,1,0,0,0,0,1,0,1,0,1
742,0,1,1,0,0,0,0,0,0,0,1,1
743,0,1,0,0,1,0,1,0,0,0,1,0
744,0,0,0,0,1,0,1,0,0,1,0,1
745,1,0,0,1,1,0,0,1,1,0,1,0
746,0,0,0,1,0,0,0,0,0,0,0,0
747,1,0,1,0,0,1,0,1,0,0,0,1
748,0,0,0,0,0,0,1,1,0,0,0,1
749,1,0,0,0,1,0,1,0,1,0,0,0
750,1,1,0,0,0,1,0,1,1,0,1,0
751,0,0,1,0,0,0,0,0,0,0,0,0
752,1,0,0,0,0,0,1,0,0,0,0,0
753,1,0,0,1,0,0,0,0,0,1,0,0
754,0,0,0,0,0,1,0,0,0,0,0,0
755,0,0,1,0,0,1,0,0,0,0,0,0
756,0,1,0,1,0,1,1,1,0,0,0,1
757,0,0,1,0,0,1,1,0,0,0,1,1
758,1,0,0,1,0,0,0,0,0,1,0,1
759,0,0,0,1,0,1,0,0,0,0,1,1
760,0,0,0,0,1,0,0,1,1,0,0,0
761,0,0,0,1,1,0,0,0,0,1,1,1
762,0,0,1,0,0,0,0,0,0,0,0,0
763,0,0,0,0,0,0,1,0,0,0,1,0
764,0,1,0,0,0,0,0,0,1,1,1,0
765,0,0,1,0,1,1,0,0,0,0,1,1
766,0,0,0,1,0,0,0,0,0,0,0,0
767,0,0,1,0,0,0,0,1,0,0,1,1
768,0,0,0,1,0,1,1,0,0,0,0,0
769,1,0,0,0,1,1,0,1,1,1,0,0
770,1,0,0,0,0,0,1,0,0,1,0,0
771,1,1,0,0,0,0,1,1,1,1,1,1
772,0,0,0,0,0,0,0,1,0,1,1,0
773,0,1,1,0,0,1,0,0,0,1,1,0
774,0,0,0,0,0,1,0,0,1,1,0,0
775,1,1,1,0,0,1,0,0,1,0,1,1
776,0,1,1,0,1,0,1,1,1,0,1,1
777,0,1,0,0,1,0,0,0,0,0,0,0
778,0,1,1,0,0,0,1,1,1,0,1,1
779,1,1,1,1,1,0,1,1,0,1,1,0
780,0,0,0,1,1,0,1,1,1,0,0,0
781,0,0,1,0,0,0,1,1,0,1,1,0
782,0,1,0,1,0,1,0,0,1,0,1,0
783,0,0,0,1,0,1,0,0,1,1,0,0
784,0,1,0,0,0,1,1,0,0,0,0,0
785,0,1,1,0,0,1,1,0,1,0,1,0
786,0,1,0,0,1,0,1,1,0,0,0,0
787,0,0,1,0,0,0,0,0,1,0,1,0
788,1,0,0,1,0,0,0,1,0,0,1,1
789,0,1,0,0,0,0,0,0,0,0,0,0
790,0,0,0,0,0,0,0,0,0,0,0,0
791,0,0,0,0,0,1,1,0,1,1,0,1
792,1,0,1,0,0,0,1,1,0,1,0,0
793,0,0,0,1,1,1,0,0,0,1,1,0
794,0,0,1,0,1,1,0,0,0,1,1,0
795,0,0,0,0,1,1,0,1,0,1,1,0
796,0,0,1,1,1,0,0,1,1,1,0,0
797,0,1,0,1,0,1,0,1,1,0,1,1
798,1,0,0,1,0,0,1,0,0,1,0,0
799,1,1,0,0,1,1,0,0,0,1,0,0
800,0,0,0,1,0,0,0,0,1,0,1,1
801,0,1,0,0,0,0,1,0,1,0,0,1
802,0,0,0,1,0,0,1,0,1,0,0,0
803,0,0,1,1,1,1,1,0,0,0,0,0
804,0,0,0,0,0,0,0,1,1,0,0,0
805,1,0,0,0,0,0,1,0,1,1,0,0
806,1,0,1,0,0,0,1,0,0,0,1,0
807,0,0,0,0,0,0,1,0,0,1,0,0
808,1,0,0,0,0,1,1,0,0,0,1,1
809,1,0,0,1,1,0,0,1,0,0,1,1
810,0,0,0,1,1,1,0,1,0,1,0,0
811,0,0,1,0,1,0,0,1,0,0,1,0
812,0,1,1,1,1,0,0,0,0,0,0,0
813,1,0,0,1,0,0,0,1,0,1,0,0
814,0,0,0,1,0,0,0,1,0,1,0,0
815,1,0,1,1,0,0,1,0,1,0,0,1
816,1,0,1,0,0,0,1,1,1,0,0,1
817,0,0,0,1,0,1,1,0,0,0,1,0
818,1,0,0,1,0,1,1,0,0,0,0,1
819,0,0,1,1,0,1,1,1,0,0,0,0
820,1,0,0,0,0,0,0,0,0,0,0,0
821,0,0,0,0,0,0,0,0,0,0,1,0
822,0,0,0,0,0,1,1,1,0,1,0,0
823,0,0,0,0,0,0,1,0,0,0,0,1
824,0,0,0,1,1,1,0,0,1,0,1,1
825,1,1,1,1,0,1,1,1,0,0,0,0
826,0,0,0,1,1,1,0,0,1,0,0,0
827,0,0,0,0,1,0,0,0,0,0,0,0
828,0,0,0,1,0,0,1,1,0,1,0,0
829,1,0,1,0,0,0,0,1,0,1,0,0
830,0,1,0,0,0,0,1,0,0,0,1,1
831,0,0,0,0,1,0,1,0,0,0,0,0
832,1,1,1,1,0,1,0,0,1,0,0,0
833,1,0,0,1,0,1,0,1,0,0,1,1
834,0,1,0,0,1,1,1,1,0,1,1,0
835,0,0,1,0,0,0,1,1,1,1,1,1
836,1,0,1,0,0,0,0,0,0,0,1,0
837,0,0,0,0,0,0,0,0,0,0,0,0
838,1,0,0,0,1,1,1,0,0,0,1,1
839,0,1,0,0,0,0,1,0,0,0,0,1
840,1,1,0,1,1,0,1,1,0,0,1,0
841,0,0,0,0,0,0,0,0,0,0,1,0
842,1,0,0,0,0,0,0,0,1,0,0,1
843,1,0,1,1,0,0,1,0,1,0,0,1
844,1,0,0,0,1,0,0,1,0,1,0,0
845,0,0,0,0,0,0,0,0,0,0,0,0
846,0,0,1,1,1,0,0,0,1,1,0,0
847,0,1,0,0,0,0,0,0,1,0,0,1
848,1,0,0,1,0,1,1,1,0,0,0,0
849,0,0,0,0,0,1,1,0,0,1,1,0
850,0,0,1,0,1,0,0,0,1,1,0,0
851,0,1,0,1,1,0,1,0,0,1,0,0
852,0,1,0,1,0,0,0,0,1,0,0,1
853,0,0,1,0,1,0,1,0,0,0,0,1
854,0,0,1,0,1,0,0,1,0,1,0,0
855,0,0,0,0,0,0,1,0,0,0,0,1
856,1,0,0,1,0,0,0,1,1,1,1,0
857,0,0,1,1,1,0,0,0,0,0,0,0
858,1,1,0,0,0,0,1,0,0,1,0,1
859,1,1,0,0,0,0,0,1,0,0,1,1
860,0,1,0,0,0,0,0,0,0,0,1,0
861,0,0,0,1,0,0,0,0,0,1,0,0
862,0,0,0,1,1,0,1,0,0,0,0,1
863,1,1,0,0,0,0,0,0,0,0,0,0
864,0,1,0,0,0,1,1,1,1,1,0,1
865,0,1,0,0,0,0,1,0,0,1,0,0
866,0,1,0,1,0,0,0,0,0,1,0,0
867,1,1,0,0,0,1,0,0,0,0,1,1
868,1,0,0,0,0,0,0,0,0,1,0,0
869,0,0,0,0,0,0,0,0,1,1,1,0
870,0,1,1,0,0,1,0,0,0,1,0,0
871,0,0,0,0,1,0,0,0,0,1,0,1
872,0,0,0,0,1,1,0,0,1,1,1,0
873,0,0,1,0,1,0,0,1,0,1,0,1
874,1,0,1,1,0,1,0,1,0,1,0,0
875,0,0,0,0,0,0,0,0,0,1,1,0
876,0,1,0,1,0,1,1,0,0,0,0,0
877,0,0,0,1,0,0,0,1,1,0,1,1
878,1,0,1,1,0,0,0,1,1,0,0,0
879,1,0,1,1,0,1,0,0,1,1,1,0
880,0,0,1,0,0,0,0,0,0,0,0,1
881,1,1,0,1,1,0,0,1,1,0,0,0
882,0,1,1,1,1,1,1,0,0,0,1,0
883,1,0,0,0,0,0,0,1,0,0,0,1
884,1,0,0,1,0,1,0,1,0,1,1,0
885,0,1,0,1,0,0,0,1,0,1,0,0
886,0,0,0,0,0,0,1,0,0,0,0,0
887,1,1,0,1,0,1,1,1,0,1,0,0
888,1,0,1,1,0,1,1,0,1,1,1,0
889,0,0,0,1,0,1,1,1,0,0,0,1
890,0,0,1,1,0,0,0,0,0,1,0,0
891,0,0,0,0,0,1,1,0,0,1,0,0
892,0,1,1,0,0,1,0,0,1,0,0,0
893,1,1,0,0,1,0,0,0,0,0,0,0
894,0,1,0,0,0,0,0,1,1,0,0,1
895,0,1,1,0,0,0,0,0,0,1,0,1
896,0,0,1,0,1,1,0,0,1,0,0,1
897,0,0,0,0,0,1,1,1,1,1,0,0
898,0,1,0,0,0,0,0,1,1,0,0,0
899,1,0,1,0,1,0,0,1,1,0,0,1
900,1,0,1,0,0,0,1,1,0,0,0,0
901,0,0,1,0,0,1,0,1,0,1,0,0
902,0,0,1,0,0,0,0,0,0,0,1,0
903,0,0,1,1,0,1,0,0,0,0,1,0
904,1,0,1,0,0,0,0,0,0,0,1,0
905,0,1,0,0,1,0,0,1,1,1,0,0
906,0,0,0,0,0,1,0,0,0,0,0,0
907,1,0,0,0,1,1,1,0,0,0,1,1
908,0,1,1,1,1,1,1,0,0,1,0,1
909,0,0,0,0,1,0,0,0,0,1,1,1
910,1,1,0,1,1,1,0,0,0,1,1,0
911,1,1,1,0,1,1,0,1,0,0,0,0
912,1,0,0,0,1,1,1,0,0,1,0,0
913,1,0,1,0,0,0,1,0,0,0,0,0
914,0,1,0,1,1,0,0,0,1,1,1,1
915,0,0,0,0,0,1,1,1,1,1,1,0
916,0,0,0,0,1,0,0,0,0,0,0,0
917,0,0,0,1,0,0,1,1,0,1,0,1
918,1,1,0,1,0,0,0,0,0,0,0,1
919,0,0,0,0,1,1,0,0,0,0,0,0
920,0,1,1,0,1,1,0,0,1,0,1,0
921,0,0,1,0,1,0,0,0,0,0,0,1
922,0,1,0,1,0,1,0,1,1,1,0,1
923,0,0,0,0,1,1,1,0,1,1,0,0
924,1,0,0,0,0,1,1,0,0,0,0,0
925,0,0,1,0,0,0,0,1,1,0,0,0
926,1,0,1,0,1,0,0,0,0,1,1,1
927,0,0,1,0,0,0,0,1,0,0,1,1
928,0,0,1,1,0,1,0,1,0,0,0,1
929,0,1,0,0,0,0,1,0,1,0,0,1
930,1,1,1,0,0,1,1,0,0,1,0,0
931,0,0,0,1,1,0,0,0,0,0,0,0
932,0,1,0,0,1,0,1,0,0,0,0,0
933,0,0,1,1,0,1,1,0,0,1,0,0
934,0,1,0,0,0,1,0,0,1,0,1,0
935,0,0,0,1,1,0,1,0,0,0,0,0
936,0,1,1,1,1,0,0,0,0,0,0,0
937,0,0,0,0,0,0,0,0,1,0,0,1
938,1,0,0,1,0,1,0,1,0,0,0,1
939,0,0,0,0,0,0,0,0,0,0,1,1
940,0,0,0,0,0,0,0,0,0,0,1,0
941,0,0,1,0,1,0,0,0,1,1,1,1
942,0,0,0,0,0,1,0,1,1,1,1,1
943,1,1,0,1,0,0,1,1,0,0,0,0
944,1,0,1,0,0,0,1,0,0,1,0,0
945,0,1,1,0,0,0,1,0,1,1,0,0
946,0,0,0,0,1,0,0,1,1,0,0,0
947,0,0,0,0,0,1,1,1,0,0,0,1
948,1,0,1,0,0,0,0,0,1,0,0,0
949,0,1,0,0,0,1,0,0,0,1,0,0
950,0,1,0,1,0,1,0,0,1,0,1,1
951,0,0,0,0,0,0,1,0,0,1,0,0
952,1,0,0,1,0,1,1,0,0,1,1,0
953,0,0,1,0,0,0,1,1,1,0,0,1
954,0,0,0,0,0,1,0,0,0,1,0,0
955,1,0,0,0,0,1,1,0,0,1,0,0
956,0,0,0,0,0,0,0,1,0,0,0,0
957,0,1,1,0,0,0,0,0,1,1,1,1
958,0,0,0,1,0,0,0,0,0,0,0,0
959,0,0,1,0,1,1,1,1,0,0,0,0
960,1,0,1,0,0,0,0,0,0,0,0,0
961,1,0,1,0,0,0,0,0,0,0,0,0
962,0,1,0,0,1,0,0,0,1,1,0,0
963,0,0,1,0,1,0,0,1,0,1,0,0
964,0,0,1,0,0,0,0,1,0,0,0,1
965,1,0,1,0,0,1,0,1,0,1,0,1
966,0,0,0,0,0,0,0,1,1,0,0,0
967,1,0,1,0,0,1,0,0,1,1,0,0
968,0,1,0,0,1,0,0,0,0,0,1,1
969,0,0,0,0,0,0,1,0,0,1,0,0
970,0,1,0,1,0,0,0,0,0,0,1,1
971,0,1,0,1,0,0,1,1,1,0,1,0
972,0,0,0,0,1,0,1,0,0,0,0,1
973,0,0,0,0,0,0,0,0,0,0,0,0
974,0,1,0,0,0,1,1,0,1,1,1,1
975,0,0,1,0,1,0,0,1,0,0,0,0
976,1,1,0,0,0,0,1,0,1,0,1,1
977,0,1,1,1,0,0,0,0,0,0,0,1
978,0,0,0,0,0,0,0,0,0,0,0,0
979,0,0,0,0,0,1,0,0,1,1,0,0
980,0,0,1,0,1,1,0,1,0,1,0,1
981,0,0,0,0,0,0,0,0,0,0,0,0
982,1,0,0,0,0,0,0,0,0,0,0,0
983,1,0,0,0,1,0,0,1,0,0,0,1
984,1,1,0,0,0,0,0,0,1,0,0,0
985,0,0,0,0,0,0,0,0,0,1,1,0
986,0,0,1,0,0,0,1,0,1,1,0,0
987,0,0,1,0,0,0,0,0,1,0,1,0
988,0,0,0,0,0,0,0,0,1,0,0,0
989,0,0,0,0,0,0,0,0,0,0,0,1
990,0,1,0,1,0,0,0,0,0,0,0,0
991,0,0,0,0,0,0,0,0,0,1,1,0
992,0,1,0,0,0,0,0,1,0,0,0,1
993,1,0,0,0,0,0,0,0,0,0,1,1
994,1,0,1,0,0,0,0,0,0,1,0,0
995,0,0,0,0,1,0,0,1,0,0,0,0
996,0,1,1,1,1,0,0,0,0,0,0,0
997,0,0,0,1,0,1,0,1,0,1,1,1
998,0,1,0,1,0,0,1,1,1,0,0,0
999,0,0,0,0,0,0,0,0,1,0,0,0
1000,0,1,0,0,1,0,0,0,1,0,1,0
